LOTID;DATEADDED;CATEGORY;COLOR;PRICE;QTY;BULK;IMAGE;DESCRIPTION;CONDITION;ITEMTYPE;ITEMID;SALE;STOCKROOM;WEIGHT;DATELASTSOLD;CURRENCY;CATEGORYNAME;CATNAME1;CATNAME2;CATNAME3;CATNAME4;COLORNAME;RGB;COLORTYPE;SUBCONDITION;REMARKS;TIERQTY1;TIERPRICE1;TIERQTY2;TIERPRICE2;TIERQTY3;TIERPRICE3;RESERVEDFOR;RETAIN;SUPERLOTID;SUPERLOTQTY;EXTDESCRIPTION;ITEMTYPENAME;ITEMIDNAME;DIMENSIONX;DIMENSIONY;DIMENSIONZ;BOX;ROW;COLUMN
;;133;1;0,4162;2;;id32014color1.jpg;;U;P;32014;;;0,66;;;Technic, Connector;Technic;Connector;P;;White;#FFFFFF;Solid;;;;;;;;;;;;;;Part;Technic, Axle and Pin Connector Angled #6 - 90 degrees;2;2;0;Casier Petit Noir;A;1;
;;133;11;0,0797;16;;id32014color11.jpg;;U;P;32014;;;0,66;;;Technic, Connector;Technic;Connector;P;;Black;#212121;Solid;;;;;;;;;;;;;;Part;Technic, Axle and Pin Connector Angled #6 - 90 degrees;2;2;0;Casier Petit Noir;A;1;
;;133;3;0,0794;1;;id32014color3.jpg;;U;P;32014;;;0,66;;;Technic, Connector;Technic;Connector;P;;Yellow;#FFE001;Solid;;;;;;;;;;;;;;Part;Technic, Axle and Pin Connector Angled #6 - 90 degrees;2;2;0;Casier Petit Noir;A;1;
;;133;34;0,1495;1;;id32014color34.jpg;;U;P;32014;;;0,66;;;Technic, Connector;Technic;Connector;P;;Lime;#C4E000;Solid;;;;;;;;;;;;;;Part;Technic, Axle and Pin Connector Angled #6 - 90 degrees;2;2;0;Casier Petit Noir;A;1;
;;133;4;0,1611;1;;id32014color4.jpg;;U;P;32014;;;0,66;;;Technic, Connector;Technic;Connector;P;;Orange;#FF7E14;Solid;;;;;;;;;;;;;;Part;Technic, Axle and Pin Connector Angled #6 - 90 degrees;2;2;0;Casier Petit Noir;A;1;
;;133;5;0,0977;1;;id32014color5.jpg;;U;P;32014;;;0,66;;;Technic, Connector;Technic;Connector;P;;Red;#B30006;Solid;;;;;;;;;;;;;;Part;Technic, Axle and Pin Connector Angled #6 - 90 degrees;2;2;0;Casier Petit Noir;A;1;
;;133;7;0,1207;2;;id32014color7.jpg;;U;P;32014;;;0,66;;;Technic, Connector;Technic;Connector;P;;Blue;#0057A6;Solid;;;;;;;;;;;;;;Part;Technic, Axle and Pin Connector Angled #6 - 90 degrees;2;2;0;Casier Petit Noir;A;1;
;;133;85;0,0885;1;;id32014color85.jpg;;U;P;32014;;;0,66;;;Technic, Connector;Technic;Connector;P;;Dark Bluish Gray;#595D60;Solid;;;;;;;;;;;;;;Part;Technic, Axle and Pin Connector Angled #6 - 90 degrees;2;2;0;Casier Petit Noir;A;1;
;;133;86;0,1178;1;;id32014color86.jpg;;U;P;32014;;;0,66;;;Technic, Connector;Technic;Connector;P;;Light Bluish Gray;#AFB5C7;Solid;;;;;;;;;;;;;;Part;Technic, Axle and Pin Connector Angled #6 - 90 degrees;2;2;0;Casier Petit Noir;A;1;
;;133;9;0,0922;1;;id32014color9.jpg;;U;P;32014;;;0,66;;;Technic, Connector;Technic;Connector;P;;Light Gray;#9C9C9C;Solid;;;;;;;;;;;;;;Part;Technic, Axle and Pin Connector Angled #6 - 90 degrees;2;2;0;Casier Petit Noir;A;1;
;;133;1;0,2902;3;;id32016color1.jpg;;U;P;32016;;;0,67;;;Technic, Connector;Technic;Connector;P;;White;#FFFFFF;Solid;;;;;;;;;;;;;;Part;Technic, Axle and Pin Connector Angled #3 - 157.5 degrees;?;?;?;Casier Petit Noir;A;1;
;;133;11;0,1269;21;;id32016color11.jpg;;U;P;32016;;;0,67;;;Technic, Connector;Technic;Connector;P;;Black;#212121;Solid;;;;;;;;;;;;;;Part;Technic, Axle and Pin Connector Angled #3 - 157.5 degrees;?;?;?;Casier Petit Noir;A;1;
;;133;66;0,1523;1;;id32016color66.jpg;;U;P;32016;;;0,67;;;Technic, Connector;Technic;Connector;P;;Pearl Light Gray;#ACB7C0;Pearl;;;;;;;;;;;;;;Part;Technic, Axle and Pin Connector Angled #3 - 157.5 degrees;?;?;?;Casier Petit Noir;A;1;
;;133;8;0,1869;2;;id32016color8.jpg;;U;P;32016;;;0,67;;;Technic, Connector;Technic;Connector;P;;Brown;#532115;Solid;;;;;;;;;;;;;;Part;Technic, Axle and Pin Connector Angled #3 - 157.5 degrees;?;?;?;Casier Petit Noir;A;1;
;;133;86;0,0749;15;;id32016color86.jpg;;U;P;32016;;;0,67;;;Technic, Connector;Technic;Connector;P;;Light Bluish Gray;#AFB5C7;Solid;;;;;;;;;;;;;;Part;Technic, Axle and Pin Connector Angled #3 - 157.5 degrees;?;?;?;Casier Petit Noir;A;1;
;;133;9;0,0871;1;;id32016color9.jpg;;U;P;32016;;;0,67;;;Technic, Connector;Technic;Connector;P;;Light Gray;#9C9C9C;Solid;;;;;;;;;;;;;;Part;Technic, Axle and Pin Connector Angled #3 - 157.5 degrees;?;?;?;Casier Petit Noir;A;1;
;;28;1;0,0321;36;;id4073color1.jpg;;U;P;4073;;;0,12;;;Plate, Round;Plate;Round;P;;White;#FFFFFF;Solid;;;;;;;;;;;;;;Part;Plate, Round 1 x 1;1;1;0;Casier Petit Noir;A;2;
;;28;10;0,1248;6;;id4073color10.jpg;;U;P;4073;;;0,12;;;Plate, Round;Plate;Round;P;;Dark Gray;#6B5A5A;Solid;;;;;;;;;;;;;;Part;Plate, Round 1 x 1;1;1;0;Casier Petit Noir;A;2;
;;28;104;0,0253;5;;id4073color104.jpg;;U;P;4073;;;0,12;;;Plate, Round;Plate;Round;P;;Bright Pink;#F7BCDA;Solid;;;;;;;;;;;;;;Part;Plate, Round 1 x 1;1;1;0;Casier Petit Noir;A;2;
;;28;11;0,0297;110;;id4073color11.jpg;;U;P;4073;;;0,12;;;Plate, Round;Plate;Round;P;;Black;#212121;Solid;;;;;;;;;;;;;;Part;Plate, Round 1 x 1;1;1;0;Casier Petit Noir;A;2;
;;28;115;0,028;89;;id4073color115.jpg;;U;P;4073;;;0,12;;;Plate, Round;Plate;Round;P;;Pearl Gold;#E79E1D;Pearl;;;;;;;;;;;;;;Part;Plate, Round 1 x 1;1;1;0;Casier Petit Noir;A;2;
;;28;2;0,0354;17;;id4073color2.jpg;;U;P;4073;;;0,12;;;Plate, Round;Plate;Round;P;;Tan;#EED9A4;Solid;;;;;;;;;;;;;;Part;Plate, Round 1 x 1;1;1;0;Casier Petit Noir;A;2;
;;28;3;0,0275;37;;id4073color3.jpg;;U;P;4073;;;0,12;;;Plate, Round;Plate;Round;P;;Yellow;#FFE001;Solid;;;;;;;;;;;;;;Part;Plate, Round 1 x 1;1;1;0;Casier Petit Noir;A;2;
;;28;34;0,0219;50;;id4073color34.jpg;;U;P;4073;;;0,12;;;Plate, Round;Plate;Round;P;;Lime;#C4E000;Solid;;;;;;;;;;;;;;Part;Plate, Round 1 x 1;1;1;0;Casier Petit Noir;A;2;
;;28;4;0,0238;12;;id4073color4.jpg;;U;P;4073;;;0,12;;;Plate, Round;Plate;Round;P;;Orange;#FF7E14;Solid;;;;;;;;;;;;;;Part;Plate, Round 1 x 1;1;1;0;Casier Petit Noir;A;2;
;;28;5;0,0267;177;;id4073color5.jpg;;U;P;4073;;;0,12;;;Plate, Round;Plate;Round;P;;Red;#B30006;Solid;;;;;;;;;;;;;;Part;Plate, Round 1 x 1;1;1;0;Casier Petit Noir;A;2;
;;28;6;0,0527;3;;id4073color6.jpg;;U;P;4073;;;0,12;;;Plate, Round;Plate;Round;P;;Green;#00923D;Solid;;;;;;;;;;;;;;Part;Plate, Round 1 x 1;1;1;0;Casier Petit Noir;A;2;
;;28;7;0,0317;27;;id4073color7.jpg;;U;P;4073;;;0,12;;;Plate, Round;Plate;Round;P;;Blue;#0057A6;Solid;;;;;;;;;;;;;;Part;Plate, Round 1 x 1;1;1;0;Casier Petit Noir;A;2;
;;28;8;0,6206;22;;id4073color8.jpg;;U;P;4073;;;0,12;;;Plate, Round;Plate;Round;P;;Brown;#532115;Solid;;;;;;;;;;;;;;Part;Plate, Round 1 x 1;1;1;0;Casier Petit Noir;A;2;
;;28;85;0,037;59;;id4073color85.jpg;;U;P;4073;;;0,12;;;Plate, Round;Plate;Round;P;;Dark Bluish Gray;#595D60;Solid;;;;;;;;;;;;;;Part;Plate, Round 1 x 1;1;1;0;Casier Petit Noir;A;2;
;;28;86;0,0359;60;;id4073color86.jpg;;U;P;4073;;;0,12;;;Plate, Round;Plate;Round;P;;Light Bluish Gray;#AFB5C7;Solid;;;;;;;;;;;;;;Part;Plate, Round 1 x 1;1;1;0;Casier Petit Noir;A;2;
;;28;89;0,0249;10;;id4073color89.jpg;;U;P;4073;;;0,12;;;Plate, Round;Plate;Round;P;;Dark Purple;#5F2683;Solid;;;;;;;;;;;;;;Part;Plate, Round 1 x 1;1;1;0;Casier Petit Noir;A;2;
;;28;9;0,0778;13;;id4073color9.jpg;;U;P;4073;;;0,12;;;Plate, Round;Plate;Round;P;;Light Gray;#9C9C9C;Solid;;;;;;;;;;;;;;Part;Plate, Round 1 x 1;1;1;0;Casier Petit Noir;A;2;
;;26;12;0,1313;43;;id3023color12.jpg;;U;P;3023;;;0,36;;;Plate;Plate;;P;;Trans-Clear;#EEEEEE;Transparent;;;;;;;;;;;;;;Part;Plate 1 x 2;1;2;0;Casier Petit Noir;A;3;
;;26;121;0,0639;14;;id3023color121.jpg;;U;P;3023;;;0,36;;;Plate;Plate;;P;;Trans-Neon Yellow;#FFD700;Transparent;;;;;;;;;;;;;;Part;Plate 1 x 2;1;2;0;Casier Petit Noir;A;3;
;;26;14;0,0722;4;;id3023color14.jpg;;U;P;3023;;;0,36;;;Plate;Plate;;P;;Trans-Dark Blue;#00296B;Transparent;;;;;;;;;;;;;;Part;Plate 1 x 2;1;2;0;Casier Petit Noir;A;3;
;;26;15;0,1005;4;;id3023color15.jpg;;U;P;3023;;;0,36;;;Plate;Plate;;P;;Trans-Light Blue;#68BCC5;Transparent;;;;;;;;;;;;;;Part;Plate 1 x 2;1;2;0;Casier Petit Noir;A;3;
;;26;17;0,0394;3;;id3023color17.jpg;;U;P;3023;;;0,36;;;Plate;Plate;;P;;Trans-Red;#9C0010;Transparent;;;;;;;;;;;;;;Part;Plate 1 x 2;1;2;0;Casier Petit Noir;A;3;
;;26;19;0,043;4;;id3023color19.jpg;;U;P;3023;;;0,36;;;Plate;Plate;;P;;Trans-Yellow;#EBF72D;Transparent;;;;;;;;;;;;;;Part;Plate 1 x 2;1;2;0;Casier Petit Noir;A;3;
;;26;98;0,0534;1;;id3023color98.jpg;;U;P;3023;;;0,36;;;Plate;Plate;;P;;Trans-Orange;#D04010;Transparent;;;;;;;;;;;;;;Part;Plate 1 x 2;1;2;0;Casier Petit Noir;A;3;
;;28;12;0,0391;58;;id4073color12.jpg;;U;P;4073;;;0,12;;;Plate, Round;Plate;Round;P;;Trans-Clear;#EEEEEE;Transparent;;;;;;;;;;;;;;Part;Plate, Round 1 x 1;1;1;0;Casier Petit Noir;A;3;
;;28;121;0,0773;39;;id4073color121.jpg;;U;P;4073;;;0,12;;;Plate, Round;Plate;Round;P;;Trans-Neon Yellow;#FFD700;Transparent;;;;;;;;;;;;;;Part;Plate, Round 1 x 1;1;1;0;Casier Petit Noir;A;3;
;;28;13;3,2881;1;;id4073color13.jpg;;U;P;4073;;;0,12;;;Plate, Round;Plate;Round;P;;Trans-Black;#939484;Transparent;;;;;;;;;;;;;;Part;Plate, Round 1 x 1;1;1;0;Casier Petit Noir;A;3;
;;28;14;0,0357;53;;id4073color14.jpg;;U;P;4073;;;0,12;;;Plate, Round;Plate;Round;P;;Trans-Dark Blue;#00296B;Transparent;;;;;;;;;;;;;;Part;Plate, Round 1 x 1;1;1;0;Casier Petit Noir;A;3;
;;28;15;0,036;27;;id4073color15.jpg;;U;P;4073;;;0,12;;;Plate, Round;Plate;Round;P;;Trans-Light Blue;#68BCC5;Transparent;;;;;;;;;;;;;;Part;Plate, Round 1 x 1;1;1;0;Casier Petit Noir;A;3;
;;28;17;0,0288;215;;id4073color17.jpg;;U;P;4073;;;0,12;;;Plate, Round;Plate;Round;P;;Trans-Red;#9C0010;Transparent;;;;;;;;;;;;;;Part;Plate, Round 1 x 1;1;1;0;Casier Petit Noir;A;3;
;;28;18;0,0306;12;;id4073color18.jpg;;U;P;4073;;;0,12;;;Plate, Round;Plate;Round;P;;Trans-Neon Orange;#FF4231;Transparent;;;;;;;;;;;;;;Part;Plate, Round 1 x 1;1;1;0;Casier Petit Noir;A;3;
;;28;19;0,0265;53;;id4073color19.jpg;;U;P;4073;;;0,12;;;Plate, Round;Plate;Round;P;;Trans-Yellow;#EBF72D;Transparent;;;;;;;;;;;;;;Part;Plate, Round 1 x 1;1;1;0;Casier Petit Noir;A;3;
;;28;20;0,0316;34;;id4073color20.jpg;;U;P;4073;;;0,12;;;Plate, Round;Plate;Round;P;;Trans-Green;#217625;Transparent;;;;;;;;;;;;;;Part;Plate, Round 1 x 1;1;1;0;Casier Petit Noir;A;3;
;;28;98;0,0247;26;;id4073color98.jpg;;U;P;4073;;;0,12;;;Plate, Round;Plate;Round;P;;Trans-Orange;#D04010;Transparent;;;;;;;;;;;;;;Part;Plate, Round 1 x 1;1;1;0;Casier Petit Noir;A;3;
;;27;1;0,0534;28;;id4085ccolor1.jpg;;U;P;4085c;;;0,26;;;Plate, Modified;Plate;Modified;P;;White;#FFFFFF;Solid;;;;;;;;;;;;;;Part;Plate, Modified 1 x 1 with U Clip Thick (Vertical Grip);?;?;?;Casier Petit Noir;A;4;
;;27;10;0,1063;3;;id4085ccolor10.jpg;;U;P;4085c;;;0,26;;;Plate, Modified;Plate;Modified;P;;Dark Gray;#6B5A5A;Solid;;;;;;;;;;;;;;Part;Plate, Modified 1 x 1 with U Clip Thick (Vertical Grip);?;?;?;Casier Petit Noir;A;4;
;;27;11;0,048;39;;id4085ccolor11.jpg;;U;P;4085c;;;0,26;;;Plate, Modified;Plate;Modified;P;;Black;#212121;Solid;;;;;;;;;;;;;;Part;Plate, Modified 1 x 1 with U Clip Thick (Vertical Grip);?;?;?;Casier Petit Noir;A;4;
;;27;3;0,0504;20;;id4085ccolor3.jpg;;U;P;4085c;;;0,26;;;Plate, Modified;Plate;Modified;P;;Yellow;#FFE001;Solid;;;;;;;;;;;;;;Part;Plate, Modified 1 x 1 with U Clip Thick (Vertical Grip);?;?;?;Casier Petit Noir;A;4;
;;27;5;0,0351;19;;id4085ccolor5.jpg;;U;P;4085c;;;0,26;;;Plate, Modified;Plate;Modified;P;;Red;#B30006;Solid;;;;;;;;;;;;;;Part;Plate, Modified 1 x 1 with U Clip Thick (Vertical Grip);?;?;?;Casier Petit Noir;A;4;
;;27;7;0,0452;10;;id4085ccolor7.jpg;;U;P;4085c;;;0,26;;;Plate, Modified;Plate;Modified;P;;Blue;#0057A6;Solid;;;;;;;;;;;;;;Part;Plate, Modified 1 x 1 with U Clip Thick (Vertical Grip);?;?;?;Casier Petit Noir;A;4;
;;27;85;0,0777;3;;id4085ccolor85.jpg;;U;P;4085c;;;0,26;;;Plate, Modified;Plate;Modified;P;;Dark Bluish Gray;#595D60;Solid;;;;;;;;;;;;;;Part;Plate, Modified 1 x 1 with U Clip Thick (Vertical Grip);?;?;?;Casier Petit Noir;A;4;
;;27;86;0,18;7;;id4085ccolor86.jpg;;U;P;4085c;;;0,26;;;Plate, Modified;Plate;Modified;P;;Light Bluish Gray;#AFB5C7;Solid;;;;;;;;;;;;;;Part;Plate, Modified 1 x 1 with U Clip Thick (Vertical Grip);?;?;?;Casier Petit Noir;A;4;
;;27;9;0,0718;8;;id4085ccolor9.jpg;;U;P;4085c;;;0,26;;;Plate, Modified;Plate;Modified;P;;Light Gray;#9C9C9C;Solid;;;;;;;;;;;;;;Part;Plate, Modified 1 x 1 with U Clip Thick (Vertical Grip);?;?;?;Casier Petit Noir;A;4;
;;43;11;0,1838;11;;id2470color11.jpg;;U;P;2470;;;1,08;;;Wheel;Wheel;;P;;Black;#212121;Solid;;;;;;;;;;;;;;Part;Wheel Wagon Small (27mm D.);?;?;?;Casier Petit Noir;A;5;
;;43;8;0,1737;7;;id2470color8.jpg;;U;P;2470;;;1,08;;;Wheel;Wheel;;P;;Brown;#532115;Solid;;;;;;;;;;;;;;Part;Wheel Wagon Small (27mm D.);?;?;?;Casier Petit Noir;A;5;
;;43;11;0,1923;7;;id4489acolor11.jpg;;U;P;4489a;;;1,42;;;Wheel;Wheel;;P;;Black;#212121;Solid;;;;;;;;;;;;;;Part;Wheel Wagon Large 33mm D., Hole Round for Wheels Holder Pin;?;?;?;Casier Petit Noir;A;5;
;;43;8;0,1593;5;;id4489acolor8.jpg;;U;P;4489a;;;1,42;;;Wheel;Wheel;;P;;Brown;#532115;Solid;;;;;;;;;;;;;;Part;Wheel Wagon Large 33mm D., Hole Round for Wheels Holder Pin;?;?;?;Casier Petit Noir;A;5;
;;43;88;0,0774;1;;id4489bcolor88.jpg;;U;P;4489b;;;1,38;;;Wheel;Wheel;;P;;Reddish Brown;#89351D;Solid;;;;;;;;;;;;;;Part;Wheel Wagon Large 33mm D., Hole Notched for Wheels Holder Pin;?;?;?;Casier Petit Noir;A;5;
;;13;1;0,0833;10;;id3633color1.jpg;;U;P;3633;;;0,8;;;Fence;Fence;;P;;White;#FFFFFF;Solid;;;;;;;;;;;;;;Part;Fence 1 x 4 x 1;1;4;1;Casier Petit Noir;B;1;
;;13;11;0,115;15;;id3633color11.jpg;;U;P;3633;;;0,8;;;Fence;Fence;;P;;Black;#212121;Solid;;;;;;;;;;;;;;Part;Fence 1 x 4 x 1;1;4;1;Casier Petit Noir;B;1;
;;13;3;0,0947;17;;id3633color3.jpg;;U;P;3633;;;0,8;;;Fence;Fence;;P;;Yellow;#FFE001;Solid;;;;;;;;;;;;;;Part;Fence 1 x 4 x 1;1;4;1;Casier Petit Noir;B;1;
;;13;5;0,4238;8;;id3633color5.jpg;;U;P;3633;;;0,8;;;Fence;Fence;;P;;Red;#B30006;Solid;;;;;;;;;;;;;;Part;Fence 1 x 4 x 1;1;4;1;Casier Petit Noir;B;1;
;;13;7;0,4557;1;;id3633color7.jpg;;U;P;3633;;;0,8;;;Fence;Fence;;P;;Blue;#0057A6;Solid;;;;;;;;;;;;;;Part;Fence 1 x 4 x 1;1;4;1;Casier Petit Noir;B;1;
;;13;85;0,3303;5;;id3633color85.jpg;;U;P;3633;;;0,8;;;Fence;Fence;;P;;Dark Bluish Gray;#595D60;Solid;;;;;;;;;;;;;;Part;Fence 1 x 4 x 1;1;4;1;Casier Petit Noir;B;1;
;;13;9;0,2984;1;;id3633color9.jpg;;U;P;3633;;;0,8;;;Fence;Fence;;P;;Light Gray;#9C9C9C;Solid;;;;;;;;;;;;;;Part;Fence 1 x 4 x 1;1;4;1;Casier Petit Noir;B;1;
;;31;5;0,0693;10;;id3299color5.jpg;;U;P;3299;;;1,1;;;Slope;Slope;;P;;Red;#B30006;Solid;;;;;;;;;;;;;;Part;Slope 33 2 x 4 Double;2;4;0.5;Casier Petit Noir;B;2;
;;31;7;0,0799;12;;id3299color7.jpg;;U;P;3299;;;1,1;;;Slope;Slope;;P;;Blue;#0057A6;Solid;;;;;;;;;;;;;;Part;Slope 33 2 x 4 Double;2;4;0.5;Casier Petit Noir;B;2;
;;21;1;0,4177;3;;id3942acolor1.jpg;;U;P;3942a;;;1,37;;;Cone;Cone;;P;;White;#FFFFFF;Solid;;;;;;;;;;;;;;Part;Cone 2 x 2 x 2 - Solid Stud;2;2;2;Casier Petit Noir;B;2;
;;21;11;0,3011;2;;id3942acolor11.jpg;;U;P;3942a;;;1,37;;;Cone;Cone;;P;;Black;#212121;Solid;;;;;;;;;;;;;;Part;Cone 2 x 2 x 2 - Solid Stud;2;2;2;Casier Petit Noir;B;2;
;;21;5;0,1632;2;;id3942acolor5.jpg;;U;P;3942a;;;1,37;;;Cone;Cone;;P;;Red;#B30006;Solid;;;;;;;;;;;;;;Part;Cone 2 x 2 x 2 - Solid Stud;2;2;2;Casier Petit Noir;B;2;
;;21;9;0,2359;1;;id3942bcolor9.jpg;;U;P;3942b;;;1,34;;;Cone;Cone;;P;;Light Gray;#9C9C9C;Solid;;;;;;;;;;;;;;Part;Cone 2 x 2 x 2 - Blocked Open Stud;2;2;2;Casier Petit Noir;B;2;
;;21;1;0,0582;1;;id3942ccolor1.jpg;;U;P;3942c;;;1,32;;;Cone;Cone;;P;;White;#FFFFFF;Solid;;;;;;;;;;;;;;Part;Cone 2 x 2 x 2 - Open Stud;2;2;2;Casier Petit Noir;B;2;
;;21;11;0,0656;2;;id3942ccolor11.jpg;;U;P;3942c;;;1,32;;;Cone;Cone;;P;;Black;#212121;Solid;;;;;;;;;;;;;;Part;Cone 2 x 2 x 2 - Open Stud;2;2;2;Casier Petit Noir;B;2;
;;21;85;0,0574;3;;id3942ccolor85.jpg;;U;P;3942c;;;1,32;;;Cone;Cone;;P;;Dark Bluish Gray;#595D60;Solid;;;;;;;;;;;;;;Part;Cone 2 x 2 x 2 - Open Stud;2;2;2;Casier Petit Noir;B;2;
;;21;89;0,0889;3;;id3942ccolor89.jpg;;U;P;3942c;;;1,32;;;Cone;Cone;;P;;Dark Purple;#5F2683;Solid;;;;;;;;;;;;;;Part;Cone 2 x 2 x 2 - Open Stud;2;2;2;Casier Petit Noir;B;2;
;;438;1;0,0778;10;;id50950color1.jpg;;U;P;50950;;;0,75;;;Slope, Curved;Slope;Curved;P;;White;#FFFFFF;Solid;;;;;;;;;;;;;;Part;Slope, Curved 3 x 1;3;1;1;Casier Petit Noir;B;3;
;;438;11;0,0808;11;;id50950color11.jpg;;U;P;50950;;;0,75;;;Slope, Curved;Slope;Curved;P;;Black;#212121;Solid;;;;;;;;;;;;;;Part;Slope, Curved 3 x 1;3;1;1;Casier Petit Noir;B;3;
;;438;120;0,0676;2;;id50950color120.jpg;;U;P;50950;;;0,75;;;Slope, Curved;Slope;Curved;P;;Dark Brown;#330000;Solid;;;;;;;;;;;;;;Part;Slope, Curved 3 x 1;3;1;1;Casier Petit Noir;B;3;
;;438;3;0,0686;7;;id50950color3.jpg;;U;P;50950;;;0,75;;;Slope, Curved;Slope;Curved;P;;Yellow;#FFE001;Solid;;;;;;;;;;;;;;Part;Slope, Curved 3 x 1;3;1;1;Casier Petit Noir;B;3;
;;438;34;0,0851;1;;id50950color34.jpg;;U;P;50950;;;0,75;;;Slope, Curved;Slope;Curved;P;;Lime;#C4E000;Solid;;;;;;;;;;;;;;Part;Slope, Curved 3 x 1;3;1;1;Casier Petit Noir;B;3;
;;438;4;0,056;3;;id50950color4.jpg;;U;P;50950;;;0,75;;;Slope, Curved;Slope;Curved;P;;Orange;#FF7E14;Solid;;;;;;;;;;;;;;Part;Slope, Curved 3 x 1;3;1;1;Casier Petit Noir;B;3;
;;438;5;0,0585;15;;id50950color5.jpg;;U;P;50950;;;0,75;;;Slope, Curved;Slope;Curved;P;;Red;#B30006;Solid;;;;;;;;;;;;;;Part;Slope, Curved 3 x 1;3;1;1;Casier Petit Noir;B;3;
;;438;63;0,0626;4;;id50950color63.jpg;;U;P;50950;;;0,75;;;Slope, Curved;Slope;Curved;P;;Dark Blue;#243757;Solid;;;;;;;;;;;;;;Part;Slope, Curved 3 x 1;3;1;1;Casier Petit Noir;B;3;
;;438;85;0,1214;12;;id50950color85.jpg;;U;P;50950;;;0,75;;;Slope, Curved;Slope;Curved;P;;Dark Bluish Gray;#595D60;Solid;;;;;;;;;;;;;;Part;Slope, Curved 3 x 1;3;1;1;Casier Petit Noir;B;3;
;;438;88;0,2835;3;;id50950color88.jpg;;U;P;50950;;;0,75;;;Slope, Curved;Slope;Curved;P;;Reddish Brown;#89351D;Solid;;;;;;;;;;;;;;Part;Slope, Curved 3 x 1;3;1;1;Casier Petit Noir;B;3;
;;775;3;0,1096;1;;id50950pb017color3.jpg;;U;P;50950pb017;;;1;;;Slope, Curved, Decorated;Slope;Curved;P;;Yellow;#FFE001;Solid;;;;;;;;;;;;;;Part;Slope, Curved 3 x 1 with Black Spots Pattern (Sticker) - Set 8117;3;1;1;Casier Petit Noir;B;3;
;;775;34;0,1129;1;;id50950pb020Lcolor34.jpg;;U;P;50950pb020L;;;0,75;;;Slope, Curved, Decorated;Slope;Curved;P;;Lime;#C4E000;Solid;;;;;;;;;;;;;;Part;Slope, Curved 3 x 1 with Rectangular Outline and Rusted Holes Pattern Model Left (Sticker) - Set 8958;3;1;1;Casier Petit Noir;B;3;
;;775;34;0,1106;1;;id50950pb020Rcolor34.jpg;;U;P;50950pb020R;;;0,75;;;Slope, Curved, Decorated;Slope;Curved;P;;Lime;#C4E000;Solid;;;;;;;;;;;;;;Part;Slope, Curved 3 x 1 with Rectangular Outline and Small Circle and Rusted Holes Pattern Model Right (Sticker) - Set 8958;3;1;1;Casier Petit Noir;B;3;
;;775;4;0,2006;1;;id50950pb051dcolor4.jpg;;U;P;50950pb051d;;;0,75;;;Slope, Curved, Decorated;Slope;Curved;P;;Orange;#FF7E14;Solid;;;;;;;;;;;;;;Part;Slope, Curved 3 x 1 with Snakeskin Pattern D (Sticker) - Set 8158;3;1;1;Casier Petit Noir;B;3;
;;Category ID Not Available;4;0;1;;Not Available;;U;P;50951pb051a;;;0;;;Category Name Not Available;Category1 Not Available;Category2 Not Available;P;Category4 Not Available;Orange;#FF7E14;Solid;;;;;;;;;;;;;;Part;Name Not Available;DimensionX Not Available;DimensionY Not Available;DimensionZ Not Available;Casier Petit Noir;B;3;
;;Category ID Not Available;4;0;1;;Not Available;;U;P;50952pb051g;;;0;;;Category Name Not Available;Category1 Not Available;Category2 Not Available;P;Category4 Not Available;Orange;#FF7E14;Solid;;;;;;;;;;;;;;Part;Name Not Available;DimensionX Not Available;DimensionY Not Available;DimensionZ Not Available;Casier Petit Noir;B;3;
;;Category ID Not Available;4;0;1;;Not Available;;U;P;50953pb051c;;;0;;;Category Name Not Available;Category1 Not Available;Category2 Not Available;P;Category4 Not Available;Orange;#FF7E14;Solid;;;;;;;;;;;;;;Part;Name Not Available;DimensionX Not Available;DimensionY Not Available;DimensionZ Not Available;Casier Petit Noir;B;3;
;;438;1;0,1177;14;;id61678color1.jpg;;U;P;61678;;;0,8;;;Slope, Curved;Slope;Curved;P;;White;#FFFFFF;Solid;;;;;;;;;;;;;;Part;Slope, Curved 4 x 1;4;1;1;Casier Petit Noir;B;4;
;;438;11;0,0933;17;;id61678color11.jpg;;U;P;61678;;;0,8;;;Slope, Curved;Slope;Curved;P;;Black;#212121;Solid;;;;;;;;;;;;;;Part;Slope, Curved 4 x 1;4;1;1;Casier Petit Noir;B;4;
;;438;3;0,0849;10;;id61678color3.jpg;;U;P;61678;;;0,8;;;Slope, Curved;Slope;Curved;P;;Yellow;#FFE001;Solid;;;;;;;;;;;;;;Part;Slope, Curved 4 x 1;4;1;1;Casier Petit Noir;B;4;
;;438;5;0,075;14;;id61678color5.jpg;;U;P;61678;;;0,8;;;Slope, Curved;Slope;Curved;P;;Red;#B30006;Solid;;;;;;;;;;;;;;Part;Slope, Curved 4 x 1;4;1;1;Casier Petit Noir;B;4;
;;438;86;0,1448;3;;id61678color86.jpg;;U;P;61678;;;0,8;;;Slope, Curved;Slope;Curved;P;;Light Bluish Gray;#AFB5C7;Solid;;;;;;;;;;;;;;Part;Slope, Curved 4 x 1;4;1;1;Casier Petit Noir;B;4;
;;438;88;0,11;2;;id61678color88.jpg;;U;P;61678;;;0,8;;;Slope, Curved;Slope;Curved;P;;Reddish Brown;#89351D;Solid;;;;;;;;;;;;;;Part;Slope, Curved 4 x 1;4;1;1;Casier Petit Noir;B;4;
;;775;5;0,1562;1;;id61678pb013Lcolor5.jpg;;U;P;61678pb013L;;;0,93;;;Slope, Curved, Decorated;Slope;Curved;P;;Red;#B30006;Solid;;;;;;;;;;;;;;Part;Slope, Curved 4 x 1 with '8-060' and Vents Pattern Model Left (Sticker) - Set 8060;4;1;1;Casier Petit Noir;B;4;
;;775;5;0,2438;1;;id61678pb013Rcolor5.jpg;;U;P;61678pb013R;;;0,93;;;Slope, Curved, Decorated;Slope;Curved;P;;Red;#B30006;Solid;;;;;;;;;;;;;;Part;Slope, Curved 4 x 1 with '8-060' and Vents Pattern Model Right (Sticker) - Set 8060;4;1;1;Casier Petit Noir;B;4;
;;775;5;0,1501;1;;id61678pb014color5.jpg;;U;P;61678pb014;;;0,93;;;Slope, Curved, Decorated;Slope;Curved;P;;Red;#B30006;Solid;;;;;;;;;;;;;;Part;Slope, Curved 4 x 1 with Vent Hole and 10 Bubbles Pattern (Sticker) - Set 8060;4;1;1;Casier Petit Noir;B;4;
;;775;5;0,0943;1;;id61678pb024color5.jpg;;U;P;61678pb024;;;0,93;;;Slope, Curved, Decorated;Slope;Curved;P;;Red;#B30006;Solid;;;;;;;;;;;;;;Part;Slope, Curved 4 x 1 with Vent Hole and 11 Bubbles Pattern (Sticker) - Sets 8059 / 8079;4;1;1;Casier Petit Noir;B;4;
;;775;86;0,1798;1;;id61678pb042color86.jpg;;U;P;61678pb042;;;0,93;;;Slope, Curved, Decorated;Slope;Curved;P;;Light Bluish Gray;#AFB5C7;Solid;;;;;;;;;;;;;;Part;Slope, Curved 4 x 1 with Lime Light Bar and Dot and Alien Characters Pattern (Sticker) - Set 7067;4;1;1;Casier Petit Noir;B;4;
;;775;11;0,1954;1;;id61678pb049Lcolor11.jpg;;U;P;61678pb049L;;;0,83;;;Slope, Curved, Decorated;Slope;Curved;P;;Black;#212121;Solid;;;;;;;;;;;;;;Part;Slope, Curved 4 x 1 with Snakeskin Pattern and Silver Line Pattern Model Left Side (Sticker) - Set 8158;4;1;1;Casier Petit Noir;B;4;
;;775;1;0,1816;1;;id61678pb050Lcolor1.jpg;;U;P;61678pb050L;;;0,83;;;Slope, Curved, Decorated;Slope;Curved;P;;White;#FFFFFF;Solid;;;;;;;;;;;;;;Part;Slope, Curved 4 x 1 with Red Curved Line on White Background Pattern Model Left Side  (Sticker) - Set 8158;4;1;1;Casier Petit Noir;B;4;
;;775;1;0,2122;1;;id61678pb050Rcolor1.jpg;;U;P;61678pb050R;;;0,83;;;Slope, Curved, Decorated;Slope;Curved;P;;White;#FFFFFF;Solid;;;;;;;;;;;;;;Part;Slope, Curved 4 x 1 with Red Curved Line on White Background Pattern Model Right Side (Sticker) - Set 8158;4;1;1;Casier Petit Noir;B;4;
;;775;59;0;1;;id61678pb091Lcolor59.jpg;;U;P;61678pb091L;;;0,93;;;Slope, Curved, Decorated;Slope;Curved;P;;Dark Red;#89351D;Solid;;;;;;;;;;;;;;Part;Slope, Curved 4 x 1 with Gold Wing and Pipe Pattern Model Left Side (Sticker) - Set 70600;4;1;1;Casier Petit Noir;B;4;
;;775;59;0;1;;id61678pb091Rcolor59.jpg;;U;P;61678pb091R;;;0,93;;;Slope, Curved, Decorated;Slope;Curved;P;;Dark Red;#89351D;Solid;;;;;;;;;;;;;;Part;Slope, Curved 4 x 1 with Gold Wing and Pipe Pattern Model Right Side (Sticker) - Set 70600;4;1;1;Casier Petit Noir;B;4;
;;775;59;0;1;;id61678pb092Lcolor59.jpg;;U;P;61678pb092L;;;0,93;;;Slope, Curved, Decorated;Slope;Curved;P;;Dark Red;#89351D;Solid;;;;;;;;;;;;;;Part;Slope, Curved 4 x 1 with 'PSI' and 2 Gauges Pattern Model Left Side (Sticker) - Set 70600;4;1;1;Casier Petit Noir;B;4;
;;775;59;0;1;;id61678pb092Rcolor59.jpg;;U;P;61678pb092R;;;0,93;;;Slope, Curved, Decorated;Slope;Curved;P;;Dark Red;#89351D;Solid;;;;;;;;;;;;;;Part;Slope, Curved 4 x 1 with Target Screen, Switch and Double Arrow Pattern Model Right Side (Sticker) - Set 70600;4;1;1;Casier Petit Noir;B;4;
;;775;5;0,3848;1;;id61678pb097Lcolor5.jpg;;U;P;61678pb097L;;;0,8;;;Slope, Curved, Decorated;Slope;Curved;P;;Red;#B30006;Solid;;;;;;;;;;;;;;Part;Slope, Curved 4 x 1 with Shell Logo, 'acer', 'MAHLE', 'OMR', 'SKF' and 'brembo' Pattern Model Left Side (Sticker) - Sets 8168 / 8185;4;1;1;Casier Petit Noir;B;4;
;;775;5;0,4124;1;;id61678pb097Rcolor5.jpg;;U;P;61678pb097R;;;0,8;;;Slope, Curved, Decorated;Slope;Curved;P;;Red;#B30006;Solid;;;;;;;;;;;;;;Part;Slope, Curved 4 x 1 with Shell Logo, 'acer', 'MAHLE', 'OMR', 'SKF' and 'brembo' Pattern Model Right Side (Sticker) - Sets 8168 / 8185;4;1;1;Casier Petit Noir;B;4;
;;8;1;0,2156;6;;id3062acolor1.jpg;;U;P;3062a;;;0,34;;;Brick, Round;Brick;Round;P;;White;#FFFFFF;Solid;;;;;;;;;;;;;;Part;Brick, Round 1 x 1 Solid Stud;1;1;1;Casier Petit Noir;B;5;
;;8;11;0,1969;1;;id3062acolor11.jpg;;U;P;3062a;;;0,34;;;Brick, Round;Brick;Round;P;;Black;#212121;Solid;;;;;;;;;;;;;;Part;Brick, Round 1 x 1 Solid Stud;1;1;1;Casier Petit Noir;B;5;
;;8;12;1,0156;2;;id3062acolor12.jpg;;U;P;3062a;;;0,34;;;Brick, Round;Brick;Round;P;;Trans-Clear;#EEEEEE;Transparent;;;;;;;;;;;;;;Part;Brick, Round 1 x 1 Solid Stud;1;1;1;Casier Petit Noir;B;5;
;;8;3;0,152;6;;id3062acolor3.jpg;;U;P;3062a;;;0,34;;;Brick, Round;Brick;Round;P;;Yellow;#FFE001;Solid;;;;;;;;;;;;;;Part;Brick, Round 1 x 1 Solid Stud;1;1;1;Casier Petit Noir;B;5;
;;8;5;0,1287;1;;id3062acolor5.jpg;;U;P;3062a;;;0,34;;;Brick, Round;Brick;Round;P;;Red;#B30006;Solid;;;;;;;;;;;;;;Part;Brick, Round 1 x 1 Solid Stud;1;1;1;Casier Petit Noir;B;5;
;;21;1;0,075;20;;id4589color1.jpg;;U;P;4589;;;0,26;;;Cone;Cone;;P;;White;#FFFFFF;Solid;;;;;;;;;;;;;;Part;Cone 1 x 1 without Top Groove;1;1;1;Casier Petit Noir;B;5;
;;21;11;0,0741;10;;id4589color11.jpg;;U;P;4589;;;0,26;;;Cone;Cone;;P;;Black;#212121;Solid;;;;;;;;;;;;;;Part;Cone 1 x 1 without Top Groove;1;1;1;Casier Petit Noir;B;5;
;;21;115;0,2517;5;;id4589color115.jpg;;U;P;4589;;;0,26;;;Cone;Cone;;P;;Pearl Gold;#E79E1D;Pearl;;;;;;;;;;;;;;Part;Cone 1 x 1 without Top Groove;1;1;1;Casier Petit Noir;B;5;
;;21;121;0,1598;26;;id4589color121.jpg;;U;P;4589;;;0,26;;;Cone;Cone;;P;;Trans-Neon Yellow;#FFD700;Transparent;;;;;;;;;;;;;;Part;Cone 1 x 1 without Top Groove;1;1;1;Casier Petit Noir;B;5;
;;21;13;0,1019;2;;id4589color13.jpg;;U;P;4589;;;0,26;;;Cone;Cone;;P;;Trans-Black;#939484;Transparent;;;;;;;;;;;;;;Part;Cone 1 x 1 without Top Groove;1;1;1;Casier Petit Noir;B;5;
;;21;14;0,0493;7;;id4589color14.jpg;;U;P;4589;;;0,26;;;Cone;Cone;;P;;Trans-Dark Blue;#00296B;Transparent;;;;;;;;;;;;;;Part;Cone 1 x 1 without Top Groove;1;1;1;Casier Petit Noir;B;5;
;;21;17;0,0445;19;;id4589color17.jpg;;U;P;4589;;;0,26;;;Cone;Cone;;P;;Trans-Red;#9C0010;Transparent;;;;;;;;;;;;;;Part;Cone 1 x 1 without Top Groove;1;1;1;Casier Petit Noir;B;5;
;;21;18;0,0548;11;;id4589color18.jpg;;U;P;4589;;;0,26;;;Cone;Cone;;P;;Trans-Neon Orange;#FF4231;Transparent;;;;;;;;;;;;;;Part;Cone 1 x 1 without Top Groove;1;1;1;Casier Petit Noir;B;5;
;;21;2;0,1776;3;;id4589color2.jpg;;U;P;4589;;;0,26;;;Cone;Cone;;P;;Tan;#EED9A4;Solid;;;;;;;;;;;;;;Part;Cone 1 x 1 without Top Groove;1;1;1;Casier Petit Noir;B;5;
;;21;20;0,0443;4;;id4589color20.jpg;;U;P;4589;;;0,26;;;Cone;Cone;;P;;Trans-Green;#217625;Transparent;;;;;;;;;;;;;;Part;Cone 1 x 1 without Top Groove;1;1;1;Casier Petit Noir;B;5;
;;21;3;0,0512;49;;id4589color3.jpg;;U;P;4589;;;0,26;;;Cone;Cone;;P;;Yellow;#FFE001;Solid;;;;;;;;;;;;;;Part;Cone 1 x 1 without Top Groove;1;1;1;Casier Petit Noir;B;5;
;;21;4;0,0736;1;;id4589color4.jpg;;U;P;4589;;;0,26;;;Cone;Cone;;P;;Orange;#FF7E14;Solid;;;;;;;;;;;;;;Part;Cone 1 x 1 without Top Groove;1;1;1;Casier Petit Noir;B;5;
;;21;5;0,0665;4;;id4589color5.jpg;;U;P;4589;;;0,26;;;Cone;Cone;;P;;Red;#B30006;Solid;;;;;;;;;;;;;;Part;Cone 1 x 1 without Top Groove;1;1;1;Casier Petit Noir;B;5;
;;21;6;0,1212;5;;id4589color6.jpg;;U;P;4589;;;0,26;;;Cone;Cone;;P;;Green;#00923D;Solid;;;;;;;;;;;;;;Part;Cone 1 x 1 without Top Groove;1;1;1;Casier Petit Noir;B;5;
;;21;7;0,0558;1;;id4589color7.jpg;;U;P;4589;;;0,26;;;Cone;Cone;;P;;Blue;#0057A6;Solid;;;;;;;;;;;;;;Part;Cone 1 x 1 without Top Groove;1;1;1;Casier Petit Noir;B;5;
;;21;85;0,3048;8;;id4589color85.jpg;;U;P;4589;;;0,26;;;Cone;Cone;;P;;Dark Bluish Gray;#595D60;Solid;;;;;;;;;;;;;;Part;Cone 1 x 1 without Top Groove;1;1;1;Casier Petit Noir;B;5;
;;21;86;0,1372;6;;id4589color86.jpg;;U;P;4589;;;0,26;;;Cone;Cone;;P;;Light Bluish Gray;#AFB5C7;Solid;;;;;;;;;;;;;;Part;Cone 1 x 1 without Top Groove;1;1;1;Casier Petit Noir;B;5;
;;21;88;0,2053;4;;id4589color88.jpg;;U;P;4589;;;0,26;;;Cone;Cone;;P;;Reddish Brown;#89351D;Solid;;;;;;;;;;;;;;Part;Cone 1 x 1 without Top Groove;1;1;1;Casier Petit Noir;B;5;
;;21;98;0,0418;11;;id4589color98.jpg;;U;P;4589;;;0,26;;;Cone;Cone;;P;;Trans-Orange;#D04010;Transparent;;;;;;;;;;;;;;Part;Cone 1 x 1 without Top Groove;1;1;1;Casier Petit Noir;B;5;
;;26;1;0,0804;55;;id3024color1.jpg;;U;P;3024;;;0,2;;;Plate;Plate;;P;;White;#FFFFFF;Solid;;;;;;;;;;;;;;Part;Plate 1 x 1;1;1;0;Casier Petit Noir;C;1;
;;26;104;0,0649;2;;id3024color104.jpg;;U;P;3024;;;0,2;;;Plate;Plate;;P;;Bright Pink;#F7BCDA;Solid;;;;;;;;;;;;;;Part;Plate 1 x 1;1;1;0;Casier Petit Noir;C;1;
;;26;105;0,0676;1;;id3024color105.jpg;;U;P;3024;;;0,2;;;Plate;Plate;;P;;Bright Light Blue;#BCD1ED;Solid;;;;;;;;;;;;;;Part;Plate 1 x 1;1;1;0;Casier Petit Noir;C;1;
;;26;11;0,0926;66;;id3024color11.jpg;;U;P;3024;;;0,2;;;Plate;Plate;;P;;Black;#212121;Solid;;;;;;;;;;;;;;Part;Plate 1 x 1;1;1;0;Casier Petit Noir;C;1;
;;26;115;0,0624;1;;id3024color115.jpg;;U;P;3024;;;0,2;;;Plate;Plate;;P;;Pearl Gold;#E79E1D;Pearl;;;;;;;;;;;;;;Part;Plate 1 x 1;1;1;0;Casier Petit Noir;C;1;
;;26;12;0,0811;14;;id3024color12.jpg;;U;P;3024;;;0,2;;;Plate;Plate;;P;;Trans-Clear;#EEEEEE;Transparent;;;;;;;;;;;;;;Part;Plate 1 x 1;1;1;0;Casier Petit Noir;C;1;
;;26;14;0,059;43;;id3024color14.jpg;;U;P;3024;;;0,2;;;Plate;Plate;;P;;Trans-Dark Blue;#00296B;Transparent;;;;;;;;;;;;;;Part;Plate 1 x 1;1;1;0;Casier Petit Noir;C;1;
;;26;17;0,0296;120;;id3024color17.jpg;;U;P;3024;;;0,2;;;Plate;Plate;;P;;Trans-Red;#9C0010;Transparent;;;;;;;;;;;;;;Part;Plate 1 x 1;1;1;0;Casier Petit Noir;C;1;
;;26;19;0,0313;48;;id3024color19.jpg;;U;P;3024;;;0,2;;;Plate;Plate;;P;;Trans-Yellow;#EBF72D;Transparent;;;;;;;;;;;;;;Part;Plate 1 x 1;1;1;0;Casier Petit Noir;C;1;
;;26;2;0,0566;4;;id3024color2.jpg;;U;P;3024;;;0,2;;;Plate;Plate;;P;;Tan;#EED9A4;Solid;;;;;;;;;;;;;;Part;Plate 1 x 1;1;1;0;Casier Petit Noir;C;1;
;;26;20;0,0476;11;;id3024color20.jpg;;U;P;3024;;;0,2;;;Plate;Plate;;P;;Trans-Green;#217625;Transparent;;;;;;;;;;;;;;Part;Plate 1 x 1;1;1;0;Casier Petit Noir;C;1;
;;26;3;0,0483;47;;id3024color3.jpg;;U;P;3024;;;0,2;;;Plate;Plate;;P;;Yellow;#FFE001;Solid;;;;;;;;;;;;;;Part;Plate 1 x 1;1;1;0;Casier Petit Noir;C;1;
;;26;48;0,1888;1;;id3024color48.jpg;;U;P;3024;;;0,2;;;Plate;Plate;;P;;Sand Green;#A2BFA3;Solid;;;;;;;;;;;;;;Part;Plate 1 x 1;1;1;0;Casier Petit Noir;C;1;
;;26;5;0,0675;62;;id3024color5.jpg;;U;P;3024;;;0,2;;;Plate;Plate;;P;;Red;#B30006;Solid;;;;;;;;;;;;;;Part;Plate 1 x 1;1;1;0;Casier Petit Noir;C;1;
;;26;6;0,0593;2;;id3024color6.jpg;;U;P;3024;;;0,2;;;Plate;Plate;;P;;Green;#00923D;Solid;;;;;;;;;;;;;;Part;Plate 1 x 1;1;1;0;Casier Petit Noir;C;1;
;;26;63;0,0617;5;;id3024color63.jpg;;U;P;3024;;;0,2;;;Plate;Plate;;P;;Dark Blue;#243757;Solid;;;;;;;;;;;;;;Part;Plate 1 x 1;1;1;0;Casier Petit Noir;C;1;
;;26;7;0,0556;1;;id3024color7.jpg;;U;P;3024;;;0,2;;;Plate;Plate;;P;;Blue;#0057A6;Solid;;;;;;;;;;;;;;Part;Plate 1 x 1;1;1;0;Casier Petit Noir;C;1;
;;26;8;1,8366;2;;id3024color8.jpg;;U;P;3024;;;0,2;;;Plate;Plate;;P;;Brown;#532115;Solid;;;;;;;;;;;;;;Part;Plate 1 x 1;1;1;0;Casier Petit Noir;C;1;
;;26;85;0,0933;2;;id3024color85.jpg;;U;P;3024;;;0,2;;;Plate;Plate;;P;;Dark Bluish Gray;#595D60;Solid;;;;;;;;;;;;;;Part;Plate 1 x 1;1;1;0;Casier Petit Noir;C;1;
;;26;86;0,0746;9;;id3024color86.jpg;;U;P;3024;;;0,2;;;Plate;Plate;;P;;Light Bluish Gray;#AFB5C7;Solid;;;;;;;;;;;;;;Part;Plate 1 x 1;1;1;0;Casier Petit Noir;C;1;
;;26;88;0,0652;1;;id3024color88.jpg;;U;P;3024;;;0,2;;;Plate;Plate;;P;;Reddish Brown;#89351D;Solid;;;;;;;;;;;;;;Part;Plate 1 x 1;1;1;0;Casier Petit Noir;C;1;
;;26;9;0,1879;7;;id3024color9.jpg;;U;P;3024;;;0,2;;;Plate;Plate;;P;;Light Gray;#9C9C9C;Solid;;;;;;;;;;;;;;Part;Plate 1 x 1;1;1;0;Casier Petit Noir;C;1;
;;26;98;0,0388;9;;id3024color98.jpg;;U;P;3024;;;0,2;;;Plate;Plate;;P;;Trans-Orange;#D04010;Transparent;;;;;;;;;;;;;;Part;Plate 1 x 1;1;1;0;Casier Petit Noir;C;1;
;;8;12;0,086;8;;id3062bcolor12.jpg;;U;P;3062b;;;0,28;;;Brick, Round;Brick;Round;P;;Trans-Clear;#EEEEEE;Transparent;;;;;;;;;;;;;;Part;Brick, Round 1 x 1 Open Stud;1;1;1;Casier Petit Noir;C;1;
;;8;14;0,0542;15;;id3062bcolor14.jpg;;U;P;3062b;;;0,28;;;Brick, Round;Brick;Round;P;;Trans-Dark Blue;#00296B;Transparent;;;;;;;;;;;;;;Part;Brick, Round 1 x 1 Open Stud;1;1;1;Casier Petit Noir;C;1;
;;8;15;0,0455;3;;id3062bcolor15.jpg;;U;P;3062b;;;0,28;;;Brick, Round;Brick;Round;P;;Trans-Light Blue;#68BCC5;Transparent;;;;;;;;;;;;;;Part;Brick, Round 1 x 1 Open Stud;1;1;1;Casier Petit Noir;C;1;
;;8;16;0,0657;4;;id3062bcolor16.jpg;;U;P;3062b;;;0,28;;;Brick, Round;Brick;Round;P;;Trans-Neon Green;#C0F500;Transparent;;;;;;;;;;;;;;Part;Brick, Round 1 x 1 Open Stud;1;1;1;Casier Petit Noir;C;1;
;;8;17;0,0463;11;;id3062bcolor17.jpg;;U;P;3062b;;;0,28;;;Brick, Round;Brick;Round;P;;Trans-Red;#9C0010;Transparent;;;;;;;;;;;;;;Part;Brick, Round 1 x 1 Open Stud;1;1;1;Casier Petit Noir;C;1;
;;8;18;0,0545;1;;id3062bcolor18.jpg;;U;P;3062b;;;0,28;;;Brick, Round;Brick;Round;P;;Trans-Neon Orange;#FF4231;Transparent;;;;;;;;;;;;;;Part;Brick, Round 1 x 1 Open Stud;1;1;1;Casier Petit Noir;C;1;
;;8;19;0,0569;11;;id3062bcolor19.jpg;;U;P;3062b;;;0,28;;;Brick, Round;Brick;Round;P;;Trans-Yellow;#EBF72D;Transparent;;;;;;;;;;;;;;Part;Brick, Round 1 x 1 Open Stud;1;1;1;Casier Petit Noir;C;1;
;;8;20;0,0495;3;;id3062bcolor20.jpg;;U;P;3062b;;;0,28;;;Brick, Round;Brick;Round;P;;Trans-Green;#217625;Transparent;;;;;;;;;;;;;;Part;Brick, Round 1 x 1 Open Stud;1;1;1;Casier Petit Noir;C;1;
;;27;1;0,0361;6;;id4085dcolor1.jpg;;U;P;4085d;;;0,29;;;Plate, Modified;Plate;Modified;P;;White;#FFFFFF;Solid;;;;;;;;;;;;;;Part;Plate, Modified 1 x 1 with Open O Clip Thick (Vertical Grip);?;?;?;Casier Petit Noir;C;2;
;;27;11;0,0346;8;;id4085dcolor11.jpg;;U;P;4085d;;;0,29;;;Plate, Modified;Plate;Modified;P;;Black;#212121;Solid;;;;;;;;;;;;;;Part;Plate, Modified 1 x 1 with Open O Clip Thick (Vertical Grip);?;?;?;Casier Petit Noir;C;2;
;;27;2;0,0541;1;;id4085dcolor2.jpg;;U;P;4085d;;;0,29;;;Plate, Modified;Plate;Modified;P;;Tan;#EED9A4;Solid;;;;;;;;;;;;;;Part;Plate, Modified 1 x 1 with Open O Clip Thick (Vertical Grip);?;?;?;Casier Petit Noir;C;2;
;;27;3;0,0508;6;;id4085dcolor3.jpg;;U;P;4085d;;;0,29;;;Plate, Modified;Plate;Modified;P;;Yellow;#FFE001;Solid;;;;;;;;;;;;;;Part;Plate, Modified 1 x 1 with Open O Clip Thick (Vertical Grip);?;?;?;Casier Petit Noir;C;2;
;;27;5;0,0275;7;;id4085dcolor5.jpg;;U;P;4085d;;;0,29;;;Plate, Modified;Plate;Modified;P;;Red;#B30006;Solid;;;;;;;;;;;;;;Part;Plate, Modified 1 x 1 with Open O Clip Thick (Vertical Grip);?;?;?;Casier Petit Noir;C;2;
;;27;85;0,0295;1;;id4085dcolor85.jpg;;U;P;4085d;;;0,29;;;Plate, Modified;Plate;Modified;P;;Dark Bluish Gray;#595D60;Solid;;;;;;;;;;;;;;Part;Plate, Modified 1 x 1 with Open O Clip Thick (Vertical Grip);?;?;?;Casier Petit Noir;C;2;
;;27;86;0,0316;4;;id4085dcolor86.jpg;;U;P;4085d;;;0,29;;;Plate, Modified;Plate;Modified;P;;Light Bluish Gray;#AFB5C7;Solid;;;;;;;;;;;;;;Part;Plate, Modified 1 x 1 with Open O Clip Thick (Vertical Grip);?;?;?;Casier Petit Noir;C;2;
;;27;88;0,0796;4;;id4085dcolor88.jpg;;U;P;4085d;;;0,29;;;Plate, Modified;Plate;Modified;P;;Reddish Brown;#89351D;Solid;;;;;;;;;;;;;;Part;Plate, Modified 1 x 1 with Open O Clip Thick (Vertical Grip);?;?;?;Casier Petit Noir;C;2;
;;31;12;0,0304;41;;id54200color12.jpg;;U;P;54200;;;0,21;;;Slope;Slope;;P;;Trans-Clear;#EEEEEE;Transparent;;;;;;;;;;;;;;Part;Slope 30 1 x 1 x 2/3;1;1;0.67;Casier Petit Noir;C;2;
;;31;13;0,0338;12;;id54200color13.jpg;;U;P;54200;;;0,21;;;Slope;Slope;;P;;Trans-Black;#939484;Transparent;;;;;;;;;;;;;;Part;Slope 30 1 x 1 x 2/3;1;1;0.67;Casier Petit Noir;C;2;
;;31;14;0,0287;51;;id54200color14.jpg;;U;P;54200;;;0,21;;;Slope;Slope;;P;;Trans-Dark Blue;#00296B;Transparent;;;;;;;;;;;;;;Part;Slope 30 1 x 1 x 2/3;1;1;0.67;Casier Petit Noir;C;2;
;;31;15;0,0423;19;;id54200color15.jpg;;U;P;54200;;;0,21;;;Slope;Slope;;P;;Trans-Light Blue;#68BCC5;Transparent;;;;;;;;;;;;;;Part;Slope 30 1 x 1 x 2/3;1;1;0.67;Casier Petit Noir;C;2;
;;31;17;0,0279;38;;id54200color17.jpg;;U;P;54200;;;0,21;;;Slope;Slope;;P;;Trans-Red;#9C0010;Transparent;;;;;;;;;;;;;;Part;Slope 30 1 x 1 x 2/3;1;1;0.67;Casier Petit Noir;C;2;
;;31;19;0,0269;31;;id54200color19.jpg;;U;P;54200;;;0,21;;;Slope;Slope;;P;;Trans-Yellow;#EBF72D;Transparent;;;;;;;;;;;;;;Part;Slope 30 1 x 1 x 2/3;1;1;0.67;Casier Petit Noir;C;2;
;;31;20;0,0362;9;;id54200color20.jpg;;U;P;54200;;;0,21;;;Slope;Slope;;P;;Trans-Green;#217625;Transparent;;;;;;;;;;;;;;Part;Slope 30 1 x 1 x 2/3;1;1;0.67;Casier Petit Noir;C;2;
;;31;74;0,0618;5;;id54200color74.jpg;;U;P;54200;;;0,21;;;Slope;Slope;;P;;Trans-Medium Blue;#7384A5;Transparent;;;;;;;;;;;;;;Part;Slope 30 1 x 1 x 2/3;1;1;0.67;Casier Petit Noir;C;2;
;;31;98;0,0258;29;;id54200color98.jpg;;U;P;54200;;;0,21;;;Slope;Slope;;P;;Trans-Orange;#D04010;Transparent;;;;;;;;;;;;;;Part;Slope 30 1 x 1 x 2/3;1;1;0.67;Casier Petit Noir;C;2;
;;27;1;0,0796;3;;id4085bcolor1.jpg;;U;P;4085b;;;0,31;;;Plate, Modified;Plate;Modified;P;;White;#FFFFFF;Solid;;;;;;;;;;;;;;Part;Plate, Modified 1 x 1 with U Clip Thin (Vertical Grip);?;?;?;Casier Petit Noir;C;3;
;;27;11;0,0501;7;;id4085bcolor11.jpg;;U;P;4085b;;;0,31;;;Plate, Modified;Plate;Modified;P;;Black;#212121;Solid;;;;;;;;;;;;;;Part;Plate, Modified 1 x 1 with U Clip Thin (Vertical Grip);?;?;?;Casier Petit Noir;C;3;
;;27;3;0,0978;3;;id4085bcolor3.jpg;;U;P;4085b;;;0,31;;;Plate, Modified;Plate;Modified;P;;Yellow;#FFE001;Solid;;;;;;;;;;;;;;Part;Plate, Modified 1 x 1 with U Clip Thin (Vertical Grip);?;?;?;Casier Petit Noir;C;3;
;;27;5;0,0529;14;;id4085bcolor5.jpg;;U;P;4085b;;;0,31;;;Plate, Modified;Plate;Modified;P;;Red;#B30006;Solid;;;;;;;;;;;;;;Part;Plate, Modified 1 x 1 with U Clip Thin (Vertical Grip);?;?;?;Casier Petit Noir;C;3;
;;27;86;0,1568;2;;id4085bcolor86.jpg;;U;P;4085b;;;0,31;;;Plate, Modified;Plate;Modified;P;;Light Bluish Gray;#AFB5C7;Solid;;;;;;;;;;;;;;Part;Plate, Modified 1 x 1 with U Clip Thin (Vertical Grip);?;?;?;Casier Petit Noir;C;3;
;;27;9;0,2826;1;;id4085bcolor9.jpg;;U;P;4085b;;;0,31;;;Plate, Modified;Plate;Modified;P;;Light Gray;#9C9C9C;Solid;;;;;;;;;;;;;;Part;Plate, Modified 1 x 1 with U Clip Thin (Vertical Grip);?;?;?;Casier Petit Noir;C;3;
;;31;1;0,0401;45;;id54200color1.jpg;;U;P;54200;;;0,21;;;Slope;Slope;;P;;White;#FFFFFF;Solid;;;;;;;;;;;;;;Part;Slope 30 1 x 1 x 2/3;1;1;0.67;Casier Petit Noir;C;3;
;;31;11;0,0338;47;;id54200color11.jpg;;U;P;54200;;;0,21;;;Slope;Slope;;P;;Black;#212121;Solid;;;;;;;;;;;;;;Part;Slope 30 1 x 1 x 2/3;1;1;0.67;Casier Petit Noir;C;3;
;;31;110;0,0502;2;;id54200color110.jpg;;U;P;54200;;;0,21;;;Slope;Slope;;P;;Bright Light Orange;#FFC700;Solid;;;;;;;;;;;;;;Part;Slope 30 1 x 1 x 2/3;1;1;0.67;Casier Petit Noir;C;3;
;;31;115;0,044;10;;id54200color115.jpg;;U;P;54200;;;0,21;;;Slope;Slope;;P;;Pearl Gold;#E79E1D;Pearl;;;;;;;;;;;;;;Part;Slope 30 1 x 1 x 2/3;1;1;0.67;Casier Petit Noir;C;3;
;;31;120;0,0546;2;;id54200color120.jpg;;U;P;54200;;;0,21;;;Slope;Slope;;P;;Dark Brown;#330000;Solid;;;;;;;;;;;;;;Part;Slope 30 1 x 1 x 2/3;1;1;0.67;Casier Petit Noir;C;3;
;;31;153;0,0487;4;;id54200color153.jpg;;U;P;54200;;;0,21;;;Slope;Slope;;P;;Dark Azure;#009FE0;Solid;;;;;;;;;;;;;;Part;Slope 30 1 x 1 x 2/3;1;1;0.67;Casier Petit Noir;C;3;
;;31;155;0,0398;1;;id54200color155.jpg;;U;P;54200;;;0,21;;;Slope;Slope;;P;;Olive Green;#ABA953;Solid;;;;;;;;;;;;;;Part;Slope 30 1 x 1 x 2/3;1;1;0.67;Casier Petit Noir;C;3;
;;31;156;0,0471;3;;id54200color156.jpg;;U;P;54200;;;0,21;;;Slope;Slope;;P;;Medium Azure;#6ACEE0;Solid;;;;;;;;;;;;;;Part;Slope 30 1 x 1 x 2/3;1;1;0.67;Casier Petit Noir;C;3;
;;31;2;0,036;12;;id54200color2.jpg;;U;P;54200;;;0,21;;;Slope;Slope;;P;;Tan;#EED9A4;Solid;;;;;;;;;;;;;;Part;Slope 30 1 x 1 x 2/3;1;1;0.67;Casier Petit Noir;C;3;
;;31;3;0,0365;34;;id54200color3.jpg;;U;P;54200;;;0,21;;;Slope;Slope;;P;;Yellow;#FFE001;Solid;;;;;;;;;;;;;;Part;Slope 30 1 x 1 x 2/3;1;1;0.67;Casier Petit Noir;C;3;
;;31;34;0,0383;9;;id54200color34.jpg;;U;P;54200;;;0,21;;;Slope;Slope;;P;;Lime;#C4E000;Solid;;;;;;;;;;;;;;Part;Slope 30 1 x 1 x 2/3;1;1;0.67;Casier Petit Noir;C;3;
;;31;38;0,0881;20;;Not Available;;U;P;54200;;;0,21;;;Slope;Slope;;P;;Light Green;#D7EED1;Solid;;;;;;;;;;;;;;Part;Slope 30 1 x 1 x 2/3;1;1;0.67;Casier Petit Noir;C;3;
;;31;4;0,0334;14;;id54200color4.jpg;;U;P;54200;;;0,21;;;Slope;Slope;;P;;Orange;#FF7E14;Solid;;;;;;;;;;;;;;Part;Slope 30 1 x 1 x 2/3;1;1;0.67;Casier Petit Noir;C;3;
;;31;48;0,0606;2;;id54200color48.jpg;;U;P;54200;;;0,21;;;Slope;Slope;;P;;Sand Green;#A2BFA3;Solid;;;;;;;;;;;;;;Part;Slope 30 1 x 1 x 2/3;1;1;0.67;Casier Petit Noir;C;3;
;;31;5;0,0368;6;;id54200color5.jpg;;U;P;54200;;;0,21;;;Slope;Slope;;P;;Red;#B30006;Solid;;;;;;;;;;;;;;Part;Slope 30 1 x 1 x 2/3;1;1;0.67;Casier Petit Noir;C;3;
;;31;59;0,0532;12;;id54200color59.jpg;;U;P;54200;;;0,21;;;Slope;Slope;;P;;Dark Red;#6A0E15;Solid;;;;;;;;;;;;;;Part;Slope 30 1 x 1 x 2/3;1;1;0.67;Casier Petit Noir;C;3;
;;31;6;0,0532;7;;id54200color6.jpg;;U;P;54200;;;0,21;;;Slope;Slope;;P;;Green;#00923D;Solid;;;;;;;;;;;;;;Part;Slope 30 1 x 1 x 2/3;1;1;0.67;Casier Petit Noir;C;3;
;;31;63;0,043;4;;id54200color63.jpg;;U;P;54200;;;0,21;;;Slope;Slope;;P;;Dark Blue;#243757;Solid;;;;;;;;;;;;;;Part;Slope 30 1 x 1 x 2/3;1;1;0.67;Casier Petit Noir;C;3;
;;31;69;0,0558;10;;id54200color69.jpg;;U;P;54200;;;0,21;;;Slope;Slope;;P;;Dark Tan;#B89869;Solid;;;;;;;;;;;;;;Part;Slope 30 1 x 1 x 2/3;1;1;0.67;Casier Petit Noir;C;3;
;;31;7;0,041;15;;id54200color7.jpg;;U;P;54200;;;0,21;;;Slope;Slope;;P;;Blue;#0057A6;Solid;;;;;;;;;;;;;;Part;Slope 30 1 x 1 x 2/3;1;1;0.67;Casier Petit Noir;C;3;
;;31;80;0,0466;4;;id54200color80.jpg;;U;P;54200;;;0,21;;;Slope;Slope;;P;;Dark Green;#2E5543;Solid;;;;;;;;;;;;;;Part;Slope 30 1 x 1 x 2/3;1;1;0.67;Casier Petit Noir;C;3;
;;31;85;0,0518;18;;id54200color85.jpg;;U;P;54200;;;0,21;;;Slope;Slope;;P;;Dark Bluish Gray;#595D60;Solid;;;;;;;;;;;;;;Part;Slope 30 1 x 1 x 2/3;1;1;0.67;Casier Petit Noir;C;3;
;;31;86;0,0509;22;;id54200color86.jpg;;U;P;54200;;;0,21;;;Slope;Slope;;P;;Light Bluish Gray;#AFB5C7;Solid;;;;;;;;;;;;;;Part;Slope 30 1 x 1 x 2/3;1;1;0.67;Casier Petit Noir;C;3;
;;31;88;0,0438;21;;id54200color88.jpg;;U;P;54200;;;0,21;;;Slope;Slope;;P;;Reddish Brown;#89351D;Solid;;;;;;;;;;;;;;Part;Slope 30 1 x 1 x 2/3;1;1;0.67;Casier Petit Noir;C;3;
;;31;89;0,0409;8;;id54200color89.jpg;;U;P;54200;;;0,21;;;Slope;Slope;;P;;Dark Purple;#5F2683;Solid;;;;;;;;;;;;;;Part;Slope 30 1 x 1 x 2/3;1;1;0.67;Casier Petit Noir;C;3;
;;111;11;0,0522;72;;id3139color11.jpg;;U;P;3139;;;0,4;;;Tire & Tread;Tire & Tread;;P;;Black;#212121;Solid;;;;;;;;;;;;;;Part;Tire 14mm D. x 4mm Smooth Small Single;?;?;?;Casier Petit Noir;C;4;
;;27;1;0,9217;5;;id4081acolor1.jpg;;U;P;4081a;;;0,26;;;Plate, Modified;Plate;Modified;P;;White;#FFFFFF;Solid;;;;;;;;;;;;;;Part;Plate, Modified 1 x 1 with Light Attachment - Thin Ring;?;?;?;Casier Petit Noir;C;4;
;;27;5;0,5899;2;;id4081acolor5.jpg;;U;P;4081a;;;0,26;;;Plate, Modified;Plate;Modified;P;;Red;#B30006;Solid;;;;;;;;;;;;;;Part;Plate, Modified 1 x 1 with Light Attachment - Thin Ring;?;?;?;Casier Petit Noir;C;4;
;;27;7;0,6395;4;;id4081acolor7.jpg;;U;P;4081a;;;0,26;;;Plate, Modified;Plate;Modified;P;;Blue;#0057A6;Solid;;;;;;;;;;;;;;Part;Plate, Modified 1 x 1 with Light Attachment - Thin Ring;?;?;?;Casier Petit Noir;C;4;
;;27;1;0,0453;26;;id4081bcolor1.jpg;;U;P;4081b;;;0,35;;;Plate, Modified;Plate;Modified;P;;White;#FFFFFF;Solid;;;;;;;;;;;;;;Part;Plate, Modified 1 x 1 with Light Attachment - Thick Ring;?;?;?;Casier Petit Noir;C;4;
;;27;11;0,0376;36;;id4081bcolor11.jpg;;U;P;4081b;;;0,35;;;Plate, Modified;Plate;Modified;P;;Black;#212121;Solid;;;;;;;;;;;;;;Part;Plate, Modified 1 x 1 with Light Attachment - Thick Ring;?;?;?;Casier Petit Noir;C;4;
;;27;2;0,1266;2;;id4081bcolor2.jpg;;U;P;4081b;;;0,35;;;Plate, Modified;Plate;Modified;P;;Tan;#EED9A4;Solid;;;;;;;;;;;;;;Part;Plate, Modified 1 x 1 with Light Attachment - Thick Ring;?;?;?;Casier Petit Noir;C;4;
;;27;3;0,0365;22;;id4081bcolor3.jpg;;U;P;4081b;;;0,35;;;Plate, Modified;Plate;Modified;P;;Yellow;#FFE001;Solid;;;;;;;;;;;;;;Part;Plate, Modified 1 x 1 with Light Attachment - Thick Ring;?;?;?;Casier Petit Noir;C;4;
;;27;5;0,0369;21;;id4081bcolor5.jpg;;U;P;4081b;;;0,35;;;Plate, Modified;Plate;Modified;P;;Red;#B30006;Solid;;;;;;;;;;;;;;Part;Plate, Modified 1 x 1 with Light Attachment - Thick Ring;?;?;?;Casier Petit Noir;C;4;
;;27;7;0,0441;1;;id4081bcolor7.jpg;;U;P;4081b;;;0,35;;;Plate, Modified;Plate;Modified;P;;Blue;#0057A6;Solid;;;;;;;;;;;;;;Part;Plate, Modified 1 x 1 with Light Attachment - Thick Ring;?;?;?;Casier Petit Noir;C;4;
;;27;85;0,0365;22;;id4081bcolor85.jpg;;U;P;4081b;;;0,35;;;Plate, Modified;Plate;Modified;P;;Dark Bluish Gray;#595D60;Solid;;;;;;;;;;;;;;Part;Plate, Modified 1 x 1 with Light Attachment - Thick Ring;?;?;?;Casier Petit Noir;C;4;
;;27;86;0,052;2;;id4081bcolor86.jpg;;U;P;4081b;;;0,35;;;Plate, Modified;Plate;Modified;P;;Light Bluish Gray;#AFB5C7;Solid;;;;;;;;;;;;;;Part;Plate, Modified 1 x 1 with Light Attachment - Thick Ring;?;?;?;Casier Petit Noir;C;4;
;;27;9;0,0691;8;;id4081bcolor9.jpg;;U;P;4081b;;;0,35;;;Plate, Modified;Plate;Modified;P;;Light Gray;#9C9C9C;Solid;;;;;;;;;;;;;;Part;Plate, Modified 1 x 1 with Light Attachment - Thick Ring;?;?;?;Casier Petit Noir;C;4;
;;27;1;0,3202;6;;id4085acolor1.jpg;;U;P;4085a;;;0,3;;;Plate, Modified;Plate;Modified;P;;White;#FFFFFF;Solid;;;;;;;;;;;;;;Part;Plate, Modified 1 x 1 with Open O Clip Thin (Vertical Grip);?;?;?;Casier Petit Noir;C;4;
;;27;11;0,2055;4;;id4085acolor11.jpg;;U;P;4085a;;;0,3;;;Plate, Modified;Plate;Modified;P;;Black;#212121;Solid;;;;;;;;;;;;;;Part;Plate, Modified 1 x 1 with Open O Clip Thin (Vertical Grip);?;?;?;Casier Petit Noir;C;4;
;;27;3;0,2259;1;;id4085acolor3.jpg;;U;P;4085a;;;0,3;;;Plate, Modified;Plate;Modified;P;;Yellow;#FFE001;Solid;;;;;;;;;;;;;;Part;Plate, Modified 1 x 1 with Open O Clip Thin (Vertical Grip);?;?;?;Casier Petit Noir;C;4;
;;43;86;0,0714;17;;id42610color86.jpg;;U;P;42610;;;0,39;;;Wheel;Wheel;;P;;Light Bluish Gray;#AFB5C7;Solid;;;;;;;;;;;;;;Part;Wheel 11mm D. x 8mm with Center Groove;?;?;?;Casier Petit Noir;C;4;
;;43;11;0,1092;26;;id50944color11.jpg;;U;P;50944;;;0,32;;;Wheel;Wheel;;P;;Black;#212121;Solid;;;;;;;;;;;;;;Part;Wheel 11mm D. x 6mm with 5 Spokes;?;?;?;Casier Petit Noir;C;4;
;;43;95;0,0719;10;;id93594color95.jpg;;U;P;93594;;;0,36;;;Wheel;Wheel;;P;;Flat Silver;#8D949C;Pearl;;;;;;;;;;;;;;Part;Wheel 11mm D. x 6mm with Smooth Hubcap;?;?;?;Casier Petit Noir;C;4;
;;31;5;0,091;3;;id3044acolor5.jpg;;U;P;3044a;;;0,5;;;Slope;Slope;;P;;Red;#B30006;Solid;;;;;;;;;;;;;;Part;Slope 45 2 x 1 Double without Inside Bar or Bottom Stud Holder;2;1;1;Casier Petit Noir;C;5;
;;31;7;0,1473;1;;id3044acolor7.jpg;;U;P;3044a;;;0,5;;;Slope;Slope;;P;;Blue;#0057A6;Solid;;;;;;;;;;;;;;Part;Slope 45 2 x 1 Double without Inside Bar or Bottom Stud Holder;2;1;1;Casier Petit Noir;C;5;
;;31;2;0,177;2;;id3044bcolor2.jpg;;U;P;3044b;;;0,52;;;Slope;Slope;;P;;Tan;#EED9A4;Solid;;;;;;;;;;;;;;Part;Slope 45 2 x 1 Double with Inside Bar;2;1;1;Casier Petit Noir;C;5;
;;31;1;0,2452;3;;id3048bcolor1.jpg;;U;P;3048b;;;0,34;;;Slope;Slope;;P;;White;#FFFFFF;Solid;;;;;;;;;;;;;;Part;Slope 45 2 x 1 Triple - Smooth;1;2;1;Casier Petit Noir;C;5;
;;31;11;0,1733;15;;id3048bcolor11.jpg;;U;P;3048b;;;0,34;;;Slope;Slope;;P;;Black;#212121;Solid;;;;;;;;;;;;;;Part;Slope 45 2 x 1 Triple - Smooth;1;2;1;Casier Petit Noir;C;5;
;;31;115;0,094;17;;id3048bcolor115.jpg;;U;P;3048b;;;0,34;;;Slope;Slope;;P;;Pearl Gold;#E79E1D;Pearl;;;;;;;;;;;;;;Part;Slope 45 2 x 1 Triple - Smooth;1;2;1;Casier Petit Noir;C;5;
;;31;5;0,1353;13;;id3048bcolor5.jpg;;U;P;3048b;;;0,34;;;Slope;Slope;;P;;Red;#B30006;Solid;;;;;;;;;;;;;;Part;Slope 45 2 x 1 Triple - Smooth;1;2;1;Casier Petit Noir;C;5;
;;31;6;0,3291;2;;id3048bcolor6.jpg;;U;P;3048b;;;0,34;;;Slope;Slope;;P;;Green;#00923D;Solid;;;;;;;;;;;;;;Part;Slope 45 2 x 1 Triple - Smooth;1;2;1;Casier Petit Noir;C;5;
;;31;8;0,1716;2;;Not Available;;U;P;3048b;;;0,34;;;Slope;Slope;;P;;Brown;#532115;Solid;;;;;;;;;;;;;;Part;Slope 45 2 x 1 Triple - Smooth;1;2;1;Casier Petit Noir;C;5;
;;31;80;0,0811;1;;id3048bcolor80.jpg;;U;P;3048b;;;0,34;;;Slope;Slope;;P;;Dark Green;#2E5543;Solid;;;;;;;;;;;;;;Part;Slope 45 2 x 1 Triple - Smooth;1;2;1;Casier Petit Noir;C;5;
;;31;86;0,2369;1;;id3048bcolor86.jpg;;U;P;3048b;;;0,34;;;Slope;Slope;;P;;Light Bluish Gray;#AFB5C7;Solid;;;;;;;;;;;;;;Part;Slope 45 2 x 1 Triple - Smooth;1;2;1;Casier Petit Noir;C;5;
;;31;86;0,2369;3;;id3048bcolor86.jpg;;U;P;3048b;;;0,34;;;Slope;Slope;;P;;Light Bluish Gray;#AFB5C7;Solid;;;;;;;;;;;;;;Part;Slope 45 2 x 1 Triple - Smooth;1;2;1;Casier Petit Noir;C;5;
;;31;11;0,0858;4;;id3049ccolor11.jpg;;U;P;3049c;;;0,5;;;Slope;Slope;;P;;Black;#212121;Solid;;;;;;;;;;;;;;Part;Slope 45 2 x 1 Double / Inverted with Bottom Stud Holder;2;2;1;Casier Petit Noir;C;5;
;;31;5;0,1217;6;;id3049ccolor5.jpg;;U;P;3049c;;;0,5;;;Slope;Slope;;P;;Red;#B30006;Solid;;;;;;;;;;;;;;Part;Slope 45 2 x 1 Double / Inverted with Bottom Stud Holder;2;2;1;Casier Petit Noir;C;5;
;;31;55;0,1503;3;;id3049ccolor55.jpg;;U;P;3049c;;;0,5;;;Slope;Slope;;P;;Sand Blue;#8899AB;Solid;;;;;;;;;;;;;;Part;Slope 45 2 x 1 Double / Inverted with Bottom Stud Holder;2;2;1;Casier Petit Noir;C;5;
;;31;63;0,1513;2;;id3049ccolor63.jpg;;U;P;3049c;;;0,5;;;Slope;Slope;;P;;Dark Blue;#243757;Solid;;;;;;;;;;;;;;Part;Slope 45 2 x 1 Double / Inverted with Bottom Stud Holder;2;2;1;Casier Petit Noir;C;5;
;;31;11;0,1781;3;;id3300color11.jpg;;U;P;3300;;;0,54;;;Slope;Slope;;P;;Black;#212121;Solid;;;;;;;;;;;;;;Part;Slope 33 2 x 2 Double;2;2;0.5;Casier Petit Noir;C;5;
;;31;3;0,1149;1;;id3300color3.jpg;;U;P;3300;;;0,54;;;Slope;Slope;;P;;Yellow;#FFE001;Solid;;;;;;;;;;;;;;Part;Slope 33 2 x 2 Double;2;2;0.5;Casier Petit Noir;C;5;
;;31;5;0,0582;9;;id3300color5.jpg;;U;P;3300;;;0,54;;;Slope;Slope;;P;;Red;#B30006;Solid;;;;;;;;;;;;;;Part;Slope 33 2 x 2 Double;2;2;0.5;Casier Petit Noir;C;5;
;;31;7;0,0717;9;;id3300color7.jpg;;U;P;3300;;;0,54;;;Slope;Slope;;P;;Blue;#0057A6;Solid;;;;;;;;;;;;;;Part;Slope 33 2 x 2 Double;2;2;0.5;Casier Petit Noir;C;5;
;;137;1;0,0835;4;;id32140color1.jpg;;U;P;32140;;;1,43;;;Technic, Liftarm;Technic;Liftarm;P;;White;#FFFFFF;Solid;;;;;;;;;;;;;;Part;Technic, Liftarm, Modified Bent Thick L-Shape 2 x 4;2;4;1;Casier Petit Noir;D;1;
;;137;11;0,0492;18;;id32140color11.jpg;;U;P;32140;;;1,43;;;Technic, Liftarm;Technic;Liftarm;P;;Black;#212121;Solid;;;;;;;;;;;;;;Part;Technic, Liftarm, Modified Bent Thick L-Shape 2 x 4;2;4;1;Casier Petit Noir;D;1;
;;137;3;0,057;4;;id32140color3.jpg;;U;P;32140;;;1,43;;;Technic, Liftarm;Technic;Liftarm;P;;Yellow;#FFE001;Solid;;;;;;;;;;;;;;Part;Technic, Liftarm, Modified Bent Thick L-Shape 2 x 4;2;4;1;Casier Petit Noir;D;1;
;;137;34;0,0634;4;;id32140color34.jpg;;U;P;32140;;;1,43;;;Technic, Liftarm;Technic;Liftarm;P;;Lime;#C4E000;Solid;;;;;;;;;;;;;;Part;Technic, Liftarm, Modified Bent Thick L-Shape 2 x 4;2;4;1;Casier Petit Noir;D;1;
;;137;4;0,0782;11;;id32140color4.jpg;;U;P;32140;;;1,43;;;Technic, Liftarm;Technic;Liftarm;P;;Orange;#FF7E14;Solid;;;;;;;;;;;;;;Part;Technic, Liftarm, Modified Bent Thick L-Shape 2 x 4;2;4;1;Casier Petit Noir;D;1;
;;137;5;0,0501;2;;id32140color5.jpg;;U;P;32140;;;1,43;;;Technic, Liftarm;Technic;Liftarm;P;;Red;#B30006;Solid;;;;;;;;;;;;;;Part;Technic, Liftarm, Modified Bent Thick L-Shape 2 x 4;2;4;1;Casier Petit Noir;D;1;
;;137;7;0,0567;11;;id32140color7.jpg;;U;P;32140;;;1,43;;;Technic, Liftarm;Technic;Liftarm;P;;Blue;#0057A6;Solid;;;;;;;;;;;;;;Part;Technic, Liftarm, Modified Bent Thick L-Shape 2 x 4;2;4;1;Casier Petit Noir;D;1;
;;137;85;0,0498;1;;id32140color85.jpg;;U;P;32140;;;1,43;;;Technic, Liftarm;Technic;Liftarm;P;;Dark Bluish Gray;#595D60;Solid;;;;;;;;;;;;;;Part;Technic, Liftarm, Modified Bent Thick L-Shape 2 x 4;2;4;1;Casier Petit Noir;D;1;
;;137;86;0,0533;3;;id32140color86.jpg;;U;P;32140;;;1,43;;;Technic, Liftarm;Technic;Liftarm;P;;Light Bluish Gray;#AFB5C7;Solid;;;;;;;;;;;;;;Part;Technic, Liftarm, Modified Bent Thick L-Shape 2 x 4;2;4;1;Casier Petit Noir;D;1;
;;777;4;0,3071;1;;id32140pb10color4.jpg;;U;P;32140pb10;;;1,45;;;Technic, Liftarm, Decorated;Technic;Liftarm;P;;Orange;#FF7E14;Solid;;;;;;;;;;;;;;Part;Technic, Liftarm, Modified Bent Thick L-Shape 2 x 4 with V-Shaped Black and White Stripes Pattern (Sticker) - Set 42026;2;4;1;Casier Petit Noir;D;1;
;;137;1;0,1303;2;;id32526color1.jpg;;U;P;32526;;;1,77;;;Technic, Liftarm;Technic;Liftarm;P;;White;#FFFFFF;Solid;;;;;;;;;;;;;;Part;Technic, Liftarm, Modified Bent Thick L-Shape 3 x 5;3;5;1;Casier Petit Noir;D;2;
;;137;11;0,0799;10;;id32526color11.jpg;;U;P;32526;;;1,77;;;Technic, Liftarm;Technic;Liftarm;P;;Black;#212121;Solid;;;;;;;;;;;;;;Part;Technic, Liftarm, Modified Bent Thick L-Shape 3 x 5;3;5;1;Casier Petit Noir;D;2;
;;137;3;0,0732;2;;id32526color3.jpg;;U;P;32526;;;1,77;;;Technic, Liftarm;Technic;Liftarm;P;;Yellow;#FFE001;Solid;;;;;;;;;;;;;;Part;Technic, Liftarm, Modified Bent Thick L-Shape 3 x 5;3;5;1;Casier Petit Noir;D;2;
;;137;34;0,0906;2;;id32526color34.jpg;;U;P;32526;;;1,77;;;Technic, Liftarm;Technic;Liftarm;P;;Lime;#C4E000;Solid;;;;;;;;;;;;;;Part;Technic, Liftarm, Modified Bent Thick L-Shape 3 x 5;3;5;1;Casier Petit Noir;D;2;
;;137;4;0,075;2;;id32526color4.jpg;;U;P;32526;;;1,77;;;Technic, Liftarm;Technic;Liftarm;P;;Orange;#FF7E14;Solid;;;;;;;;;;;;;;Part;Technic, Liftarm, Modified Bent Thick L-Shape 3 x 5;3;5;1;Casier Petit Noir;D;2;
;;137;5;0,0637;2;;id32526color5.jpg;;U;P;32526;;;1,77;;;Technic, Liftarm;Technic;Liftarm;P;;Red;#B30006;Solid;;;;;;;;;;;;;;Part;Technic, Liftarm, Modified Bent Thick L-Shape 3 x 5;3;5;1;Casier Petit Noir;D;2;
;;137;7;0,0613;2;;id32526color7.jpg;;U;P;32526;;;1,77;;;Technic, Liftarm;Technic;Liftarm;P;;Blue;#0057A6;Solid;;;;;;;;;;;;;;Part;Technic, Liftarm, Modified Bent Thick L-Shape 3 x 5;3;5;1;Casier Petit Noir;D;2;
;;137;85;0,0619;4;;id32526color85.jpg;;U;P;32526;;;1,77;;;Technic, Liftarm;Technic;Liftarm;P;;Dark Bluish Gray;#595D60;Solid;;;;;;;;;;;;;;Part;Technic, Liftarm, Modified Bent Thick L-Shape 3 x 5;3;5;1;Casier Petit Noir;D;2;
;;137;86;0,0896;7;;id32526color86.jpg;;U;P;32526;;;1,77;;;Technic, Liftarm;Technic;Liftarm;P;;Light Bluish Gray;#AFB5C7;Solid;;;;;;;;;;;;;;Part;Technic, Liftarm, Modified Bent Thick L-Shape 3 x 5;3;5;1;Casier Petit Noir;D;2;
;;8;1;0,0443;55;;id3062bcolor1.jpg;;U;P;3062b;;;0,28;;;Brick, Round;Brick;Round;P;;White;#FFFFFF;Solid;;;;;;;;;;;;;;Part;Brick, Round 1 x 1 Open Stud;1;1;1;Casier Petit Noir;D;3;
;;8;10;0,1008;2;;id3062bcolor10.jpg;;U;P;3062b;;;0,28;;;Brick, Round;Brick;Round;P;;Dark Gray;#6B5A5A;Solid;;;;;;;;;;;;;;Part;Brick, Round 1 x 1 Open Stud;1;1;1;Casier Petit Noir;D;3;
;;8;105;0,069;2;;id3062bcolor105.jpg;;U;P;3062b;;;0,28;;;Brick, Round;Brick;Round;P;;Bright Light Blue;#BCD1ED;Solid;;;;;;;;;;;;;;Part;Brick, Round 1 x 1 Open Stud;1;1;1;Casier Petit Noir;D;3;
;;8;11;0,0555;54;;id3062bcolor11.jpg;;U;P;3062b;;;0,28;;;Brick, Round;Brick;Round;P;;Black;#212121;Solid;;;;;;;;;;;;;;Part;Brick, Round 1 x 1 Open Stud;1;1;1;Casier Petit Noir;D;3;
;;8;120;0,0711;3;;id3062bcolor120.jpg;;U;P;3062b;;;0,28;;;Brick, Round;Brick;Round;P;;Dark Brown;#330000;Solid;;;;;;;;;;;;;;Part;Brick, Round 1 x 1 Open Stud;1;1;1;Casier Petit Noir;D;3;
;;8;2;0,0542;16;;id3062bcolor2.jpg;;U;P;3062b;;;0,28;;;Brick, Round;Brick;Round;P;;Tan;#EED9A4;Solid;;;;;;;;;;;;;;Part;Brick, Round 1 x 1 Open Stud;1;1;1;Casier Petit Noir;D;3;
;;8;3;0,0327;142;;id3062bcolor3.jpg;;U;P;3062b;;;0,28;;;Brick, Round;Brick;Round;P;;Yellow;#FFE001;Solid;;;;;;;;;;;;;;Part;Brick, Round 1 x 1 Open Stud;1;1;1;Casier Petit Noir;D;3;
;;8;34;0,0336;9;;id3062bcolor34.jpg;;U;P;3062b;;;0,28;;;Brick, Round;Brick;Round;P;;Lime;#C4E000;Solid;;;;;;;;;;;;;;Part;Brick, Round 1 x 1 Open Stud;1;1;1;Casier Petit Noir;D;3;
;;8;5;0,0349;48;;id3062bcolor5.jpg;;U;P;3062b;;;0,28;;;Brick, Round;Brick;Round;P;;Red;#B30006;Solid;;;;;;;;;;;;;;Part;Brick, Round 1 x 1 Open Stud;1;1;1;Casier Petit Noir;D;3;
;;8;6;0,06;10;;id3062bcolor6.jpg;;U;P;3062b;;;0,28;;;Brick, Round;Brick;Round;P;;Green;#00923D;Solid;;;;;;;;;;;;;;Part;Brick, Round 1 x 1 Open Stud;1;1;1;Casier Petit Noir;D;3;
;;8;7;0,0434;9;;id3062bcolor7.jpg;;U;P;3062b;;;0,28;;;Brick, Round;Brick;Round;P;;Blue;#0057A6;Solid;;;;;;;;;;;;;;Part;Brick, Round 1 x 1 Open Stud;1;1;1;Casier Petit Noir;D;3;
;;8;8;0,203;5;;id3062bcolor8.jpg;;U;P;3062b;;;0,28;;;Brick, Round;Brick;Round;P;;Brown;#532115;Solid;;;;;;;;;;;;;;Part;Brick, Round 1 x 1 Open Stud;1;1;1;Casier Petit Noir;D;3;
;;8;85;0,0558;11;;id3062bcolor85.jpg;;U;P;3062b;;;0,28;;;Brick, Round;Brick;Round;P;;Dark Bluish Gray;#595D60;Solid;;;;;;;;;;;;;;Part;Brick, Round 1 x 1 Open Stud;1;1;1;Casier Petit Noir;D;3;
;;8;86;0,0535;17;;id3062bcolor86.jpg;;U;P;3062b;;;0,28;;;Brick, Round;Brick;Round;P;;Light Bluish Gray;#AFB5C7;Solid;;;;;;;;;;;;;;Part;Brick, Round 1 x 1 Open Stud;1;1;1;Casier Petit Noir;D;3;
;;8;88;0,0552;21;;id3062bcolor88.jpg;;U;P;3062b;;;0,28;;;Brick, Round;Brick;Round;P;;Reddish Brown;#89351D;Solid;;;;;;;;;;;;;;Part;Brick, Round 1 x 1 Open Stud;1;1;1;Casier Petit Noir;D;3;
