LOTID;DATEADDED;CATEGORY;COLOR;PRICE;QTY;BULK;IMAGE;DESCRIPTION;CONDITION;ITEMTYPE;ITEMID;SALE;STOCKROOM;WEIGHT;DATELASTSOLD;CURRENCY;CATEGORYNAME;CATNAME1;CATNAME2;CATNAME3;CATNAME4;COLORNAME;RGB;COLORTYPE;SUBCONDITION;REMARKS;TIERQTY1;TIERPRICE1;TIERQTY2;TIERPRICE2;TIERQTY3;TIERPRICE3;RESERVEDFOR;RETAIN;SUPERLOTID;SUPERLOTQTY;EXTDESCRIPTION;ITEMTYPENAME;ITEMIDNAME;DIMENSIONX;DIMENSIONY;DIMENSIONZ;BOX;COLUMN;ROW
;;7;1;0,056;17;;Not Available;;U;P;2877;;;0,68;;;Brick, Modified;Brick;Modified;P;;White;#FFFFFF;Solid;;;;;;;;;;;;;;Part;Brick, Modified 1 x 2 with Grille / Fluted Profile;1;2;0;Casier Petit Gris;A;1;
;;7;3;0,0541;13;;Not Available;;U;P;2877;;;0,68;;;Brick, Modified;Brick;Modified;P;;Yellow;#FFE001;Solid;;;;;;;;;;;;;;Part;Brick, Modified 1 x 2 with Grille / Fluted Profile;1;2;0;Casier Petit Gris;A;1;
;;7;11;0,0623;11;;Not Available;;U;P;2877;;;0,68;;;Brick, Modified;Brick;Modified;P;;Black;#212121;Solid;;;;;;;;;;;;;;Part;Brick, Modified 1 x 2 with Grille / Fluted Profile;1;2;0;Casier Petit Gris;A;1;
;;7;5;0,1116;3;;Not Available;;U;P;2877;;;0,68;;;Brick, Modified;Brick;Modified;P;;Red;#B30006;Solid;;;;;;;;;;;;;;Part;Brick, Modified 1 x 2 with Grille / Fluted Profile;1;2;0;Casier Petit Gris;A;1;
;;7;6;0,0871;10;;Not Available;;U;P;2877;;;0,68;;;Brick, Modified;Brick;Modified;P;;Green;#00923D;Solid;;;;;;;;;;;;;;Part;Brick, Modified 1 x 2 with Grille / Fluted Profile;1;2;0;Casier Petit Gris;A;1;
;;7;88;0,072;2;;Not Available;;U;P;2877;;;0,68;;;Brick, Modified;Brick;Modified;P;;Reddish Brown;#89351D;Solid;;;;;;;;;;;;;;Part;Brick, Modified 1 x 2 with Grille / Fluted Profile;1;2;0;Casier Petit Gris;A;1;
;;7;10;0,1105;3;;Not Available;;U;P;2877;;;0,68;;;Brick, Modified;Brick;Modified;P;;Dark Gray;#6B5A5A;Solid;;;;;;;;;;;;;;Part;Brick, Modified 1 x 2 with Grille / Fluted Profile;1;2;0;Casier Petit Gris;A;1;
;;7;85;0,0601;16;;Not Available;;U;P;2877;;;0,68;;;Brick, Modified;Brick;Modified;P;;Dark Bluish Gray;#595D60;Solid;;;;;;;;;;;;;;Part;Brick, Modified 1 x 2 with Grille / Fluted Profile;1;2;0;Casier Petit Gris;A;1;
;;7;86;0,0705;15;;Not Available;;U;P;2877;;;0,68;;;Brick, Modified;Brick;Modified;P;;Light Bluish Gray;#AFB5C7;Solid;;;;;;;;;;;;;;Part;Brick, Modified 1 x 2 with Grille / Fluted Profile;1;2;0;Casier Petit Gris;A;1;
;;7;1;0,0898;8;;id30136color1.jpg;;U;P;30136;;;0,69;;;Brick, Modified;Brick;Modified;P;;White;#FFFFFF;Solid;;;;;;;;;;;;;;Part;Brick, Modified 1 x 2 with Log Profile;1;2;1;Casier Petit Gris;A;2;
;;7;2;0,0575;24;;id30136color2.jpg;;U;P;30136;;;0,69;;;Brick, Modified;Brick;Modified;P;;Tan;#EED9A4;Solid;;;;;;;;;;;;;;Part;Brick, Modified 1 x 2 with Log Profile;1;2;1;Casier Petit Gris;A;2;
;;7;6;0,2899;2;;id30136color6.jpg;;U;P;30136;;;0,69;;;Brick, Modified;Brick;Modified;P;;Green;#00923D;Solid;;;;;;;;;;;;;;Part;Brick, Modified 1 x 2 with Log Profile;1;2;1;Casier Petit Gris;A;2;
;;7;9;0,1115;3;;id30136color9.jpg;;U;P;30136;;;0,69;;;Brick, Modified;Brick;Modified;P;;Light Gray;#9C9C9C;Solid;;;;;;;;;;;;;;Part;Brick, Modified 1 x 2 with Log Profile;1;2;1;Casier Petit Gris;A;2;
;;7;10;0,1331;1;;id30136color10.jpg;;U;P;30136;;;0,69;;;Brick, Modified;Brick;Modified;P;;Dark Gray;#6B5A5A;Solid;;;;;;;;;;;;;;Part;Brick, Modified 1 x 2 with Log Profile;1;2;1;Casier Petit Gris;A;2;
;;7;85;0,0547;36;;id30136color85.jpg;;U;P;30136;;;0,69;;;Brick, Modified;Brick;Modified;P;;Dark Bluish Gray;#595D60;Solid;;;;;;;;;;;;;;Part;Brick, Modified 1 x 2 with Log Profile;1;2;1;Casier Petit Gris;A;2;
;;7;86;0,0547;8;;id30136color86.jpg;;U;P;30136;;;0,69;;;Brick, Modified;Brick;Modified;P;;Light Bluish Gray;#AFB5C7;Solid;;;;;;;;;;;;;;Part;Brick, Modified 1 x 2 with Log Profile;1;2;1;Casier Petit Gris;A;2;
;;7;1;0,2479;2;;id30137color1.jpg;;U;P;30137;;;1,27;;;Brick, Modified;Brick;Modified;P;;White;#FFFFFF;Solid;;;;;;;;;;;;;;Part;Brick, Modified 1 x 4 with Log Profile;1;4;1;Casier Petit Gris;A;2;
;;7;9;0,134;4;;id30137color9.jpg;;U;P;30137;;;1,27;;;Brick, Modified;Brick;Modified;P;;Light Gray;#9C9C9C;Solid;;;;;;;;;;;;;;Part;Brick, Modified 1 x 4 with Log Profile;1;4;1;Casier Petit Gris;A;2;
;;7;85;0,1132;12;;id30137color85.jpg;;U;P;30137;;;1,27;;;Brick, Modified;Brick;Modified;P;;Dark Bluish Gray;#595D60;Solid;;;;;;;;;;;;;;Part;Brick, Modified 1 x 4 with Log Profile;1;4;1;Casier Petit Gris;A;2;
;;7;150;0,0718;1;;id30137color150.jpg;;U;P;30137;;;1,27;;;Brick, Modified;Brick;Modified;P;;Medium Nougat;#E3A05B;Solid;;;;;;;;;;;;;;Part;Brick, Modified 1 x 4 with Log Profile;1;4;1;Casier Petit Gris;A;2;
;;8;1;0,0789;12;;id3941color1.jpg;;U;P;3941;;;1,2;;;Brick, Round;Brick;Round;P;;White;#FFFFFF;Solid;;;;;;;;;;;;;;Part;Brick, Round 2 x 2 with Axle Hole;2;2;1;Casier Petit Gris;A;3;
;;8;2;0,0669;3;;id3941color2.jpg;;U;P;3941;;;1,2;;;Brick, Round;Brick;Round;P;;Tan;#EED9A4;Solid;;;;;;;;;;;;;;Part;Brick, Round 2 x 2 with Axle Hole;2;2;1;Casier Petit Gris;A;3;
;;8;3;0,0483;62;;id3941color3.jpg;;U;P;3941;;;1,2;;;Brick, Round;Brick;Round;P;;Yellow;#FFE001;Solid;;;;;;;;;;;;;;Part;Brick, Round 2 x 2 with Axle Hole;2;2;1;Casier Petit Gris;A;3;
;;8;4;0,0524;1;;id3941color4.jpg;;U;P;3941;;;1,2;;;Brick, Round;Brick;Round;P;;Orange;#FF7E14;Solid;;;;;;;;;;;;;;Part;Brick, Round 2 x 2 with Axle Hole;2;2;1;Casier Petit Gris;A;3;
;;8;5;0,0477;10;;id3941color5.jpg;;U;P;3941;;;1,2;;;Brick, Round;Brick;Round;P;;Red;#B30006;Solid;;;;;;;;;;;;;;Part;Brick, Round 2 x 2 with Axle Hole;2;2;1;Casier Petit Gris;A;3;
;;8;8;0,485;13;;id3941color8.jpg;;U;P;3941;;;1,2;;;Brick, Round;Brick;Round;P;;Brown;#532115;Solid;;;;;;;;;;;;;;Part;Brick, Round 2 x 2 with Axle Hole;2;2;1;Casier Petit Gris;A;3;
;;8;9;0,1518;3;;id3941color9.jpg;;U;P;3941;;;1,2;;;Brick, Round;Brick;Round;P;;Light Gray;#9C9C9C;Solid;;;;;;;;;;;;;;Part;Brick, Round 2 x 2 with Axle Hole;2;2;1;Casier Petit Gris;A;3;
;;8;11;0,0693;13;;id3941color11.jpg;;U;P;3941;;;1,2;;;Brick, Round;Brick;Round;P;;Black;#212121;Solid;;;;;;;;;;;;;;Part;Brick, Round 2 x 2 with Axle Hole;2;2;1;Casier Petit Gris;A;3;
;;8;34;0,0495;3;;id3941color34.jpg;;U;P;3941;;;1,2;;;Brick, Round;Brick;Round;P;;Lime;#C4E000;Solid;;;;;;;;;;;;;;Part;Brick, Round 2 x 2 with Axle Hole;2;2;1;Casier Petit Gris;A;3;
;;8;63;0,0791;4;;id3941color63.jpg;;U;P;3941;;;1,2;;;Brick, Round;Brick;Round;P;;Dark Blue;#243757;Solid;;;;;;;;;;;;;;Part;Brick, Round 2 x 2 with Axle Hole;2;2;1;Casier Petit Gris;A;3;
;;8;85;0,0646;6;;id3941color85.jpg;;U;P;3941;;;1,2;;;Brick, Round;Brick;Round;P;;Dark Bluish Gray;#595D60;Solid;;;;;;;;;;;;;;Part;Brick, Round 2 x 2 with Axle Hole;2;2;1;Casier Petit Gris;A;3;
;;8;86;0,0781;5;;id3941color86.jpg;;U;P;3941;;;1,2;;;Brick, Round;Brick;Round;P;;Light Bluish Gray;#AFB5C7;Solid;;;;;;;;;;;;;;Part;Brick, Round 2 x 2 with Axle Hole;2;2;1;Casier Petit Gris;A;3;
;;8;88;0,0641;13;;id3941color88.jpg;;U;P;3941;;;1,2;;;Brick, Round;Brick;Round;P;;Reddish Brown;#89351D;Solid;;;;;;;;;;;;;;Part;Brick, Round 2 x 2 with Axle Hole;2;2;1;Casier Petit Gris;A;3;
;;7;1;0,0341;11;;id2458color1.jpg;;U;P;2458;;;1,09;;;Brick, Modified;Brick;Modified;P;;White;#FFFFFF;Solid;;;;;;;;;;;;;;Part;Brick, Modified 1 x 2 with Pin;?;?;?;Casier Petit Gris;A;4;
;;7;2;0,0406;1;;id2458color2.jpg;;U;P;2458;;;1,09;;;Brick, Modified;Brick;Modified;P;;Tan;#EED9A4;Solid;;;;;;;;;;;;;;Part;Brick, Modified 1 x 2 with Pin;?;?;?;Casier Petit Gris;A;4;
;;7;3;0,0336;3;;id2458color3.jpg;;U;P;2458;;;1,09;;;Brick, Modified;Brick;Modified;P;;Yellow;#FFE001;Solid;;;;;;;;;;;;;;Part;Brick, Modified 1 x 2 with Pin;?;?;?;Casier Petit Gris;A;4;
;;7;5;0,0336;13;;id2458color5.jpg;;U;P;2458;;;1,09;;;Brick, Modified;Brick;Modified;P;;Red;#B30006;Solid;;;;;;;;;;;;;;Part;Brick, Modified 1 x 2 with Pin;?;?;?;Casier Petit Gris;A;4;
;;7;7;0,0369;2;;id2458color7.jpg;;U;P;2458;;;1,09;;;Brick, Modified;Brick;Modified;P;;Blue;#0057A6;Solid;;;;;;;;;;;;;;Part;Brick, Modified 1 x 2 with Pin;?;?;?;Casier Petit Gris;A;4;
;;7;9;0,0483;9;;id2458color9.jpg;;U;P;2458;;;1,09;;;Brick, Modified;Brick;Modified;P;;Light Gray;#9C9C9C;Solid;;;;;;;;;;;;;;Part;Brick, Modified 1 x 2 with Pin;?;?;?;Casier Petit Gris;A;4;
;;7;10;0,0483;1;;id2458color10.jpg;;U;P;2458;;;1,09;;;Brick, Modified;Brick;Modified;P;;Dark Gray;#6B5A5A;Solid;;;;;;;;;;;;;;Part;Brick, Modified 1 x 2 with Pin;?;?;?;Casier Petit Gris;A;4;
;;7;11;0,0545;18;;id2458color11.jpg;;U;P;2458;;;1,09;;;Brick, Modified;Brick;Modified;P;;Black;#212121;Solid;;;;;;;;;;;;;;Part;Brick, Modified 1 x 2 with Pin;?;?;?;Casier Petit Gris;A;4;
;;7;44;0,1865;2;;id2458color44.jpg;;U;P;2458;;;1,09;;;Brick, Modified;Brick;Modified;P;;Light Violet;#C9CAE2;Solid;;;;;;;;;;;;;;Part;Brick, Modified 1 x 2 with Pin;?;?;?;Casier Petit Gris;A;4;
;;7;85;0,0329;8;;id2458color85.jpg;;U;P;2458;;;1,09;;;Brick, Modified;Brick;Modified;P;;Dark Bluish Gray;#595D60;Solid;;;;;;;;;;;;;;Part;Brick, Modified 1 x 2 with Pin;?;?;?;Casier Petit Gris;A;4;
;;7;86;0,0342;4;;id2458color86.jpg;;U;P;2458;;;1,09;;;Brick, Modified;Brick;Modified;P;;Light Bluish Gray;#AFB5C7;Solid;;;;;;;;;;;;;;Part;Brick, Modified 1 x 2 with Pin;?;?;?;Casier Petit Gris;A;4;
;;22;5;0,1462;1;;id3315color5.jpg;;U;P;3315;;;1,64;;;Hinge;Hinge;;P;;Red;#B30006;Solid;;;;;;;;;;;;;;Part;Hinge Plate 2 x 4 - Male (Digger Bucket Holder);?;?;?;Casier Petit Gris;A;5;
;;22;11;0,2273;1;;id3315color11.jpg;;U;P;3315;;;1,64;;;Hinge;Hinge;;P;;Black;#212121;Solid;;;;;;;;;;;;;;Part;Hinge Plate 2 x 4 - Male (Digger Bucket Holder);?;?;?;Casier Petit Gris;A;5;
;;22;11;0,2468;1;;id3597color11.jpg;;U;P;3597;;;1,4;;;Hinge;Hinge;;P;;Black;#212121;Solid;;;;;;;;;;;;;;Part;Hinge Plate 2 x 4 - Female (Digger Bucket Holder);?;?;?;Casier Petit Gris;A;5;
;;22;11;0,1333;1;;id3639color11.jpg;;U;P;3639;;;1,77;;;Hinge;Hinge;;P;;Black;#212121;Solid;;;;;;;;;;;;;;Part;Hinge Plate 2 x 4 with Articulated Joint - Male;?;?;?;Casier Petit Gris;A;5;
;;22;85;0,063;2;;id3639color85.jpg;;U;P;3639;;;1,77;;;Hinge;Hinge;;P;;Dark Bluish Gray;#595D60;Solid;;;;;;;;;;;;;;Part;Hinge Plate 2 x 4 with Articulated Joint - Male;?;?;?;Casier Petit Gris;A;5;
;;22;5;0,2304;1;;id3640color5.jpg;;U;P;3640;;;2,12;;;Hinge;Hinge;;P;;Red;#B30006;Solid;;;;;;;;;;;;;;Part;Hinge Plate 2 x 4 with Articulated Joint - Female;?;?;?;Casier Petit Gris;A;5;
;;22;9;0,194;1;;id3640color9.jpg;;U;P;3640;;;2,12;;;Hinge;Hinge;;P;;Light Gray;#9C9C9C;Solid;;;;;;;;;;;;;;Part;Hinge Plate 2 x 4 with Articulated Joint - Female;?;?;?;Casier Petit Gris;A;5;
;;22;11;0,1286;1;;id3640color11.jpg;;U;P;3640;;;2,12;;;Hinge;Hinge;;P;;Black;#212121;Solid;;;;;;;;;;;;;;Part;Hinge Plate 2 x 4 with Articulated Joint - Female;?;?;?;Casier Petit Gris;A;5;
;;22;85;0,0612;2;;id3640color85.jpg;;U;P;3640;;;2,12;;;Hinge;Hinge;;P;;Dark Bluish Gray;#595D60;Solid;;;;;;;;;;;;;;Part;Hinge Plate 2 x 4 with Articulated Joint - Female;?;?;?;Casier Petit Gris;A;5;
;;22;5;0,9122;5;;id3149ac01color5.jpg;;U;P;3149ac01;;;2,75;;;Hinge;Hinge;;P;;Red;#B30006;Solid;;;;;;;;;;;;;;Part;Hinge Plate 2 x 4 without Hole;2;5;0;Casier Petit Gris;A;5;
;;22;11;0,7591;1;;id3149c01color11.jpg;;U;P;3149c01;;;2,73;;;Hinge;Hinge;;P;;Black;#212121;Solid;;;;;;;;;;;;;;Part;Hinge Plate 2 x 4;?;?;?;Casier Petit Gris;A;5;
;;40;86;0,0412;256;;id3679color86.jpg;;U;P;3679;;;0,3;;;Turntable;Turntable;;P;;Light Bluish Gray;#AFB5C7;Solid;;;;;;;;;;;;;;Part;Turntable 2 x 2 Plate, Top;?;?;?;Casier Petit Gris;B;1;
;;40;1;0,0753;25;;id3680color1.jpg;;U;P;3680;;;0,4;;;Turntable;Turntable;;P;;White;#FFFFFF;Solid;;;;;;;;;;;;;;Part;Turntable 2 x 2 Plate, Base;2;2;0;Casier Petit Gris;B;1;
;;40;3;0,0967;31;;id3680color3.jpg;;U;P;3680;;;0,4;;;Turntable;Turntable;;P;;Yellow;#FFE001;Solid;;;;;;;;;;;;;;Part;Turntable 2 x 2 Plate, Base;2;2;0;Casier Petit Gris;B;1;
;;40;7;0,047;26;;id3680color7.jpg;;U;P;3680;;;0,4;;;Turntable;Turntable;;P;;Blue;#0057A6;Solid;;;;;;;;;;;;;;Part;Turntable 2 x 2 Plate, Base;2;2;0;Casier Petit Gris;B;1;
;;40;9;2,8937;3;;id3680color9.jpg;;U;P;3680;;;0,4;;;Turntable;Turntable;;P;;Light Gray;#9C9C9C;Solid;;;;;;;;;;;;;;Part;Turntable 2 x 2 Plate, Base;2;2;0;Casier Petit Gris;B;1;
;;40;11;0,0792;44;;id3680color11.jpg;;U;P;3680;;;0,4;;;Turntable;Turntable;;P;;Black;#212121;Solid;;;;;;;;;;;;;;Part;Turntable 2 x 2 Plate, Base;2;2;0;Casier Petit Gris;B;1;
;;27;3;0,0491;71;;id3794acolor3.jpg;;U;P;3794a;;;0,3;;;Plate, Modified;Plate;Modified;P;;Yellow;#FFE001;Solid;;;;;;;;;;;;;;Part;Plate, Modified 1 x 2 with 1 Stud without Groove (Jumper);1;2;0;Casier Petit Gris;B;1;
;;27;7;0,0543;56;;id3794acolor7.jpg;;U;P;3794a;;;0,3;;;Plate, Modified;Plate;Modified;P;;Blue;#0057A6;Solid;;;;;;;;;;;;;;Part;Plate, Modified 1 x 2 with 1 Stud without Groove (Jumper);1;2;0;Casier Petit Gris;B;1;
;;7;1;0,1375;6;;id3963color1.jpg;;U;P;3963;;;1;;;Brick, Modified;Brick;Modified;P;;White;#FFFFFF;Solid;;;;;;;;;;;;;;Part;Brick, Modified 1 x 1 with 3 Loudspeakers / Space Positioning Rockets;?;?;?;Casier Petit Gris;B;2;
;;7;9;0,1424;15;;id3963color9.jpg;;U;P;3963;;;1;;;Brick, Modified;Brick;Modified;P;;Light Gray;#9C9C9C;Solid;;;;;;;;;;;;;;Part;Brick, Modified 1 x 1 with 3 Loudspeakers / Space Positioning Rockets;?;?;?;Casier Petit Gris;B;2;
;;7;11;0,1091;25;;id3963color11.jpg;;U;P;3963;;;1;;;Brick, Modified;Brick;Modified;P;;Black;#212121;Solid;;;;;;;;;;;;;;Part;Brick, Modified 1 x 1 with 3 Loudspeakers / Space Positioning Rockets;?;?;?;Casier Petit Gris;B;2;
;;7;86;0,0668;2;;id3963color86.jpg;;U;P;3963;;;1;;;Brick, Modified;Brick;Modified;P;;Light Bluish Gray;#AFB5C7;Solid;;;;;;;;;;;;;;Part;Brick, Modified 1 x 1 with 3 Loudspeakers / Space Positioning Rockets;?;?;?;Casier Petit Gris;B;2;
;;4;1;0,0536;26;;id2436color1.jpg;;U;P;2436;;;0,93;;;Bracket;Bracket;;P;;White;#FFFFFF;Solid;;;;;;;;;;;;;;Part;Bracket 1 x 2 - 1 x 4;1.2;4;0.83;Casier Petit Gris;B;3;
;;4;2;0,8253;1;;id2436color2.jpg;;U;P;2436;;;0,93;;;Bracket;Bracket;;P;;Tan;#EED9A4;Solid;;;;;;;;;;;;;;Part;Bracket 1 x 2 - 1 x 4;1.2;4;0.83;Casier Petit Gris;B;3;
;;4;3;0,0449;14;;id2436color3.jpg;;U;P;2436;;;0,93;;;Bracket;Bracket;;P;;Yellow;#FFE001;Solid;;;;;;;;;;;;;;Part;Bracket 1 x 2 - 1 x 4;1.2;4;0.83;Casier Petit Gris;B;3;
;;4;5;0,0479;4;;id2436color5.jpg;;U;P;2436;;;0,93;;;Bracket;Bracket;;P;;Red;#B30006;Solid;;;;;;;;;;;;;;Part;Bracket 1 x 2 - 1 x 4;1.2;4;0.83;Casier Petit Gris;B;3;
;;4;6;0,2378;1;;id2436color6.jpg;;U;P;2436;;;0,93;;;Bracket;Bracket;;P;;Green;#00923D;Solid;;;;;;;;;;;;;;Part;Bracket 1 x 2 - 1 x 4;1.2;4;0.83;Casier Petit Gris;B;3;
;;4;7;0,0495;12;;id2436color7.jpg;;U;P;2436;;;0,93;;;Bracket;Bracket;;P;;Blue;#0057A6;Solid;;;;;;;;;;;;;;Part;Bracket 1 x 2 - 1 x 4;1.2;4;0.83;Casier Petit Gris;B;3;
;;4;9;0,1103;3;;id2436color9.jpg;;U;P;2436;;;0,93;;;Bracket;Bracket;;P;;Light Gray;#9C9C9C;Solid;;;;;;;;;;;;;;Part;Bracket 1 x 2 - 1 x 4;1.2;4;0.83;Casier Petit Gris;B;3;
;;4;11;0,0552;56;;id2436color11.jpg;;U;P;2436;;;0,93;;;Bracket;Bracket;;P;;Black;#212121;Solid;;;;;;;;;;;;;;Part;Bracket 1 x 2 - 1 x 4;1.2;4;0.83;Casier Petit Gris;B;3;
;;4;86;0,0558;15;;id2436color86.jpg;;U;P;2436;;;0,93;;;Bracket;Bracket;;P;;Light Bluish Gray;#AFB5C7;Solid;;;;;;;;;;;;;;Part;Bracket 1 x 2 - 1 x 4;1.2;4;0.83;Casier Petit Gris;B;3;
;;83;86;0,12;2;;Not Available;;U;P;30386pb04;;;1,17;;;Hinge, Decorated;Hinge;Decorated;P;;Light Bluish Gray;#AFB5C7;Solid;;;;;;;;;;;;;;Part;Hinge Brick 1 x 2 Locking, 9 Teeth with Red and White Danger Stripes Pattern on Both Sides (Stickers) - Set 60073;1;2;1;Casier Petit Gris;B;4;
;;22;3;0,0534;2;;id30387color3.jpg;;U;P;30387;;;2,12;;;Hinge;Hinge;;P;;Yellow;#FFE001;Solid;;;;;;;;;;;;;;Part;Hinge Brick 1 x 4 Locking with 1 Finger Vertical End and 2 Fingers Vertical End, 9 Teeth;1;4;1;Casier Petit Gris;B;4;
;;22;9;0,0693;1;;id30387color9.jpg;;U;P;30387;;;2,12;;;Hinge;Hinge;;P;;Light Gray;#9C9C9C;Solid;;;;;;;;;;;;;;Part;Hinge Brick 1 x 4 Locking with 1 Finger Vertical End and 2 Fingers Vertical End, 9 Teeth;1;4;1;Casier Petit Gris;B;4;
;;22;86;0,0465;8;;id30387color86.jpg;;U;P;30387;;;2,12;;;Hinge;Hinge;;P;;Light Bluish Gray;#AFB5C7;Solid;;;;;;;;;;;;;;Part;Hinge Brick 1 x 4 Locking with 1 Finger Vertical End and 2 Fingers Vertical End, 9 Teeth;1;4;1;Casier Petit Gris;B;4;
;;83;86;0,1483;1;;Not Available;;U;P;30387pb011;;;2,15;;;Hinge, Decorated;Hinge;Decorated;P;;Light Bluish Gray;#AFB5C7;Solid;;;;;;;;;;;;;;Part;Hinge Brick 1 x 4 Locking, 9 Teeth with Red and White Danger Stripes (4 Stripes) Pattern on Both Sides (Stickers) - Set 60073;1;4;1;Casier Petit Gris;B;4;
;;22;3;0,0656;2;;id30388color3.jpg;;U;P;30388;;;3,29;;;Hinge;Hinge;;P;;Yellow;#FFE001;Solid;;;;;;;;;;;;;;Part;Hinge Brick 1 x 6 Locking with 1 Finger Vertical End and 2 Fingers Vertical End, 9 Teeth;1;6;1;Casier Petit Gris;B;4;
;;22;5;0,1202;1;;id30388color5.jpg;;U;P;30388;;;3,29;;;Hinge;Hinge;;P;;Red;#B30006;Solid;;;;;;;;;;;;;;Part;Hinge Brick 1 x 6 Locking with 1 Finger Vertical End and 2 Fingers Vertical End, 9 Teeth;1;6;1;Casier Petit Gris;B;4;
;;Category ID Not Available;3;0,1186;3;;Not Available;;U;P;30388pb001La;;;0;;;Category Name Not Available;Category1 Not Available;Category2 Not Available;P;Category4 Not Available;Yellow;#FFE001;Solid;;;;;;;;;;;;;;Part;Name Not Available;DimensionX Not Available;DimensionY Not Available;DimensionZ Not Available;Casier Petit Gris;B;4;
;;83;3;0,1675;1;;Not Available;;U;P;30388pb004;;;3,3;;;Hinge, Decorated;Hinge;Decorated;P;;Yellow;#FFE001;Solid;;;;;;;;;;;;;;Part;Hinge Brick 1 x 6 Locking, 9 Teeth with '32 '1'' Pattern on Both Sides (Stickers) - Set 7739;1;6;1;Casier Petit Gris;B;4;
;;83;3;0,1983;1;;Not Available;;U;P;30388pb003;;;3,3;;;Hinge, Decorated;Hinge;Decorated;P;;Yellow;#FFE001;Solid;;;;;;;;;;;;;;Part;Hinge Brick 1 x 6 Locking, 9 Teeth with '7739' Pattern on Both Sides (Stickers) - Set 7739;1;6;1;Casier Petit Gris;B;4;
;;22;10;0,0482;1;;id40902color10.jpg;;U;P;40902;;;1,45;;;Hinge;Hinge;;P;;Dark Gray;#6B5A5A;Solid;;;;;;;;;;;;;;Part;Hinge Brick 2 x 2 Locking with 2 Fingers Vertical and Axle Hole, 9 Teeth;2;2;1;Casier Petit Gris;B;4;
;;22;11;0,0401;1;;id40902color11.jpg;;U;P;40902;;;1,45;;;Hinge;Hinge;;P;;Black;#212121;Solid;;;;;;;;;;;;;;Part;Hinge Brick 2 x 2 Locking with 2 Fingers Vertical and Axle Hole, 9 Teeth;2;2;1;Casier Petit Gris;B;4;
;;22;86;0,0383;6;;id40902color86.jpg;;U;P;40902;;;1,45;;;Hinge;Hinge;;P;;Light Bluish Gray;#AFB5C7;Solid;;;;;;;;;;;;;;Part;Hinge Brick 2 x 2 Locking with 2 Fingers Vertical and Axle Hole, 9 Teeth;2;2;1;Casier Petit Gris;B;4;
;;90;5;0,3057;3;;id4175color5.jpg;;U;P;4175;;;1,23;;;Ladder;Ladder;;P;;Red;#B30006;Solid;;;;;;;;;;;;;;Part;Ladder 1 1/2 x 2 x 2;?;?;?;Casier Petit Gris;B;5;
;;90;9;0,3751;12;;id4175color9.jpg;;U;P;4175;;;1,23;;;Ladder;Ladder;;P;;Light Gray;#9C9C9C;Solid;;;;;;;;;;;;;;Part;Ladder 1 1/2 x 2 x 2;?;?;?;Casier Petit Gris;B;5;
;;90;11;0,1845;35;;id4175color11.jpg;;U;P;4175;;;1,23;;;Ladder;Ladder;;P;;Black;#212121;Solid;;;;;;;;;;;;;;Part;Ladder 1 1/2 x 2 x 2;?;?;?;Casier Petit Gris;B;5;
;;90;85;0,092;11;;id4175color85.jpg;;U;P;4175;;;1,23;;;Ladder;Ladder;;P;;Dark Bluish Gray;#595D60;Solid;;;;;;;;;;;;;;Part;Ladder 1 1/2 x 2 x 2;?;?;?;Casier Petit Gris;B;5;
;;90;86;0,1329;2;;id4175color86.jpg;;U;P;4175;;;1,23;;;Ladder;Ladder;;P;;Light Bluish Gray;#AFB5C7;Solid;;;;;;;;;;;;;;Part;Ladder 1 1/2 x 2 x 2;?;?;?;Casier Petit Gris;B;5;
;;27;1;0,0457;10;;id2444color1.jpg;;U;P;2444;;;0,81;;;Plate, Modified;Plate;Modified;P;;White;#FFFFFF;Solid;;;;;;;;;;;;;;Part;Plate, Modified 2 x 2 with Pin Hole;?;?;?;Casier Petit Gris;C;1;
;;27;3;0,0382;14;;id2444color3.jpg;;U;P;2444;;;0,81;;;Plate, Modified;Plate;Modified;P;;Yellow;#FFE001;Solid;;;;;;;;;;;;;;Part;Plate, Modified 2 x 2 with Pin Hole;?;?;?;Casier Petit Gris;C;1;
;;27;5;0,0325;5;;id2444color5.jpg;;U;P;2444;;;0,81;;;Plate, Modified;Plate;Modified;P;;Red;#B30006;Solid;;;;;;;;;;;;;;Part;Plate, Modified 2 x 2 with Pin Hole;?;?;?;Casier Petit Gris;C;1;
;;27;7;0,0545;1;;id2444color7.jpg;;U;P;2444;;;0,81;;;Plate, Modified;Plate;Modified;P;;Blue;#0057A6;Solid;;;;;;;;;;;;;;Part;Plate, Modified 2 x 2 with Pin Hole;?;?;?;Casier Petit Gris;C;1;
;;27;9;0,0473;9;;id2444color9.jpg;;U;P;2444;;;0,81;;;Plate, Modified;Plate;Modified;P;;Light Gray;#9C9C9C;Solid;;;;;;;;;;;;;;Part;Plate, Modified 2 x 2 with Pin Hole;?;?;?;Casier Petit Gris;C;1;
;;27;11;0,0485;23;;id2444color11.jpg;;U;P;2444;;;0,81;;;Plate, Modified;Plate;Modified;P;;Black;#212121;Solid;;;;;;;;;;;;;;Part;Plate, Modified 2 x 2 with Pin Hole;?;?;?;Casier Petit Gris;C;1;
;;27;85;0,0455;6;;id2444color85.jpg;;U;P;2444;;;0,81;;;Plate, Modified;Plate;Modified;P;;Dark Bluish Gray;#595D60;Solid;;;;;;;;;;;;;;Part;Plate, Modified 2 x 2 with Pin Hole;?;?;?;Casier Petit Gris;C;1;
;;27;86;0,0457;7;;id2444color86.jpg;;U;P;2444;;;0,81;;;Plate, Modified;Plate;Modified;P;;Light Bluish Gray;#AFB5C7;Solid;;;;;;;;;;;;;;Part;Plate, Modified 2 x 2 with Pin Hole;?;?;?;Casier Petit Gris;C;1;
;;27;1;0,3285;1;;Not Available;;U;P;2817;;;0,86;;;Plate, Modified;Plate;Modified;P;;White;#FFFFFF;Solid;;;;;;;;;;;;;;Part;Plate, Modified 2 x 2 with Pin Holes;?;?;?;Casier Petit Gris;C;2;
;;27;5;0,0337;6;;id2817color5.jpg;;U;P;2817;;;0,86;;;Plate, Modified;Plate;Modified;P;;Red;#B30006;Solid;;;;;;;;;;;;;;Part;Plate, Modified 2 x 2 with Pin Holes;?;?;?;Casier Petit Gris;C;2;
;;27;7;0,1079;3;;id2817color7.jpg;;U;P;2817;;;0,86;;;Plate, Modified;Plate;Modified;P;;Blue;#0057A6;Solid;;;;;;;;;;;;;;Part;Plate, Modified 2 x 2 with Pin Holes;?;?;?;Casier Petit Gris;C;2;
;;27;9;0,0676;2;;id2817color9.jpg;;U;P;2817;;;0,86;;;Plate, Modified;Plate;Modified;P;;Light Gray;#9C9C9C;Solid;;;;;;;;;;;;;;Part;Plate, Modified 2 x 2 with Pin Holes;?;?;?;Casier Petit Gris;C;2;
;;27;11;0,0376;40;;Not Available;;U;P;2817;;;0,86;;;Plate, Modified;Plate;Modified;P;;Black;#212121;Solid;;;;;;;;;;;;;;Part;Plate, Modified 2 x 2 with Pin Holes;?;?;?;Casier Petit Gris;C;2;
;;27;86;0,0369;10;;id2817color86.jpg;;U;P;2817;;;0,86;;;Plate, Modified;Plate;Modified;P;;Light Bluish Gray;#AFB5C7;Solid;;;;;;;;;;;;;;Part;Plate, Modified 2 x 2 with Pin Holes;?;?;?;Casier Petit Gris;C;2;
;;7;1;0,1491;8;;id4730color1.jpg;;U;P;4730;;;2;;;Brick, Modified;Brick;Modified;P;;White;#FFFFFF;Solid;;;;;;;;;;;;;;Part;Brick, Modified 2 x 2 with Pin and No Axle Hole;?;?;?;Casier Petit Gris;C;3;
;;7;3;0,0669;1;;id4730color3.jpg;;U;P;4730;;;2;;;Brick, Modified;Brick;Modified;P;;Yellow;#FFE001;Solid;;;;;;;;;;;;;;Part;Brick, Modified 2 x 2 with Pin and No Axle Hole;?;?;?;Casier Petit Gris;C;3;
;;7;5;0,0497;2;;id4730color5.jpg;;U;P;4730;;;2;;;Brick, Modified;Brick;Modified;P;;Red;#B30006;Solid;;;;;;;;;;;;;;Part;Brick, Modified 2 x 2 with Pin and No Axle Hole;?;?;?;Casier Petit Gris;C;3;
;;7;7;0,0609;13;;id4730color7.jpg;;U;P;4730;;;2;;;Brick, Modified;Brick;Modified;P;;Blue;#0057A6;Solid;;;;;;;;;;;;;;Part;Brick, Modified 2 x 2 with Pin and No Axle Hole;?;?;?;Casier Petit Gris;C;3;
;;7;11;0,139;16;;id4730color11.jpg;;U;P;4730;;;2;;;Brick, Modified;Brick;Modified;P;;Black;#212121;Solid;;;;;;;;;;;;;;Part;Brick, Modified 2 x 2 with Pin and No Axle Hole;?;?;?;Casier Petit Gris;C;3;
;;7;1;0,0355;3;;id6232color1.jpg;;U;P;6232;;;1,65;;;Brick, Modified;Brick;Modified;P;;White;#FFFFFF;Solid;;;;;;;;;;;;;;Part;Brick, Modified 2 x 2 with Pin and Axle Hole;?;?;?;Casier Petit Gris;C;3;
;;7;2;0,0593;4;;id6232color2.jpg;;U;P;6232;;;1,65;;;Brick, Modified;Brick;Modified;P;;Tan;#EED9A4;Solid;;;;;;;;;;;;;;Part;Brick, Modified 2 x 2 with Pin and Axle Hole;?;?;?;Casier Petit Gris;C;3;
;;7;3;0,0337;2;;id6232color3.jpg;;U;P;6232;;;1,65;;;Brick, Modified;Brick;Modified;P;;Yellow;#FFE001;Solid;;;;;;;;;;;;;;Part;Brick, Modified 2 x 2 with Pin and Axle Hole;?;?;?;Casier Petit Gris;C;3;
;;7;5;0,0321;7;;id6232color5.jpg;;U;P;6232;;;1,65;;;Brick, Modified;Brick;Modified;P;;Red;#B30006;Solid;;;;;;;;;;;;;;Part;Brick, Modified 2 x 2 with Pin and Axle Hole;?;?;?;Casier Petit Gris;C;3;
;;7;7;0,0525;5;;id6232color7.jpg;;U;P;6232;;;1,65;;;Brick, Modified;Brick;Modified;P;;Blue;#0057A6;Solid;;;;;;;;;;;;;;Part;Brick, Modified 2 x 2 with Pin and Axle Hole;?;?;?;Casier Petit Gris;C;3;
;;7;9;0,0502;17;;id6232color9.jpg;;U;P;6232;;;1,65;;;Brick, Modified;Brick;Modified;P;;Light Gray;#9C9C9C;Solid;;;;;;;;;;;;;;Part;Brick, Modified 2 x 2 with Pin and Axle Hole;?;?;?;Casier Petit Gris;C;3;
;;7;10;0,0491;2;;id6232color10.jpg;;U;P;6232;;;1,65;;;Brick, Modified;Brick;Modified;P;;Dark Gray;#6B5A5A;Solid;;;;;;;;;;;;;;Part;Brick, Modified 2 x 2 with Pin and Axle Hole;?;?;?;Casier Petit Gris;C;3;
;;7;85;0,0368;5;;id6232color85.jpg;;U;P;6232;;;1,65;;;Brick, Modified;Brick;Modified;P;;Dark Bluish Gray;#595D60;Solid;;;;;;;;;;;;;;Part;Brick, Modified 2 x 2 with Pin and Axle Hole;?;?;?;Casier Petit Gris;C;3;
;;7;86;0,0387;7;;id6232color86.jpg;;U;P;6232;;;1,65;;;Brick, Modified;Brick;Modified;P;;Light Bluish Gray;#AFB5C7;Solid;;;;;;;;;;;;;;Part;Brick, Modified 2 x 2 with Pin and Axle Hole;?;?;?;Casier Petit Gris;C;3;
;;38;1;0,0373;3;;id2460color1.jpg;;U;P;2460;;;0,98;;;Tile, Modified;Tile;Modified;P;;White;#FFFFFF;Solid;;;;;;;;;;;;;;Part;Tile, Modified 2 x 2 with Pin;2;2;0;Casier Petit Gris;C;4;
;;38;3;0,0429;5;;id2460color3.jpg;;U;P;2460;;;0,98;;;Tile, Modified;Tile;Modified;P;;Yellow;#FFE001;Solid;;;;;;;;;;;;;;Part;Tile, Modified 2 x 2 with Pin;2;2;0;Casier Petit Gris;C;4;
;;38;5;0,036;9;;id2460color5.jpg;;U;P;2460;;;0,98;;;Tile, Modified;Tile;Modified;P;;Red;#B30006;Solid;;;;;;;;;;;;;;Part;Tile, Modified 2 x 2 with Pin;2;2;0;Casier Petit Gris;C;4;
;;38;7;0,0495;4;;id2460color7.jpg;;U;P;2460;;;0,98;;;Tile, Modified;Tile;Modified;P;;Blue;#0057A6;Solid;;;;;;;;;;;;;;Part;Tile, Modified 2 x 2 with Pin;2;2;0;Casier Petit Gris;C;4;
;;38;9;0,0517;3;;id2460color9.jpg;;U;P;2460;;;0,98;;;Tile, Modified;Tile;Modified;P;;Light Gray;#9C9C9C;Solid;;;;;;;;;;;;;;Part;Tile, Modified 2 x 2 with Pin;2;2;0;Casier Petit Gris;C;4;
;;38;80;0,074;1;;id2460color80.jpg;;U;P;2460;;;0,98;;;Tile, Modified;Tile;Modified;P;;Dark Green;#2E5543;Solid;;;;;;;;;;;;;;Part;Tile, Modified 2 x 2 with Pin;2;2;0;Casier Petit Gris;C;4;
;;38;85;0,0347;2;;id2460color85.jpg;;U;P;2460;;;0,98;;;Tile, Modified;Tile;Modified;P;;Dark Bluish Gray;#595D60;Solid;;;;;;;;;;;;;;Part;Tile, Modified 2 x 2 with Pin;2;2;0;Casier Petit Gris;C;4;
;;38;86;0,0402;1;;id2460color86.jpg;;U;P;2460;;;0,98;;;Tile, Modified;Tile;Modified;P;;Light Bluish Gray;#AFB5C7;Solid;;;;;;;;;;;;;;Part;Tile, Modified 2 x 2 with Pin;2;2;0;Casier Petit Gris;C;4;
;;7;5;0,0451;4;;id6249color5.jpg;;U;P;6249;;;3,06;;;Brick, Modified;Brick;Modified;P;;Red;#B30006;Solid;;;;;;;;;;;;;;Part;Brick, Modified 2 x 4 with Pins;2;6;0;Casier Petit Gris;C;4;
;;7;9;0,0519;3;;id6249color9.jpg;;U;P;6249;;;3,06;;;Brick, Modified;Brick;Modified;P;;Light Gray;#9C9C9C;Solid;;;;;;;;;;;;;;Part;Brick, Modified 2 x 4 with Pins;2;6;0;Casier Petit Gris;C;4;
;;7;10;0,0472;3;;id6249color10.jpg;;U;P;6249;;;3,06;;;Brick, Modified;Brick;Modified;P;;Dark Gray;#6B5A5A;Solid;;;;;;;;;;;;;;Part;Brick, Modified 2 x 4 with Pins;2;6;0;Casier Petit Gris;C;4;
;;7;85;0,0404;2;;id6249color85.jpg;;U;P;6249;;;3,06;;;Brick, Modified;Brick;Modified;P;;Dark Bluish Gray;#595D60;Solid;;;;;;;;;;;;;;Part;Brick, Modified 2 x 4 with Pins;2;6;0;Casier Petit Gris;C;4;
;;7;86;0,0397;1;;id6249color86.jpg;;U;P;6249;;;3,06;;;Brick, Modified;Brick;Modified;P;;Light Bluish Gray;#AFB5C7;Solid;;;;;;;;;;;;;;Part;Brick, Modified 2 x 4 with Pins;2;6;0;Casier Petit Gris;C;4;
;;7;7;0,0371;4;;id30000color7.jpg;;U;P;30000;;;1,81;;;Brick, Modified;Brick;Modified;P;;Blue;#0057A6;Solid;;;;;;;;;;;;;;Part;Brick, Modified 2 x 2 with Pins and Axle Hole;?;?;?;Casier Petit Gris;C;4;
;;7;85;0,0424;2;;id30000color85.jpg;;U;P;30000;;;1,81;;;Brick, Modified;Brick;Modified;P;;Dark Bluish Gray;#595D60;Solid;;;;;;;;;;;;;;Part;Brick, Modified 2 x 2 with Pins and Axle Hole;?;?;?;Casier Petit Gris;C;4;
;;7;86;0,036;7;;id30000color86.jpg;;U;P;30000;;;1,81;;;Brick, Modified;Brick;Modified;P;;Light Bluish Gray;#AFB5C7;Solid;;;;;;;;;;;;;;Part;Brick, Modified 2 x 2 with Pins and Axle Hole;?;?;?;Casier Petit Gris;C;4;
;;535;85;0,1651;1;;Not Available;;U;P;30000pb02;;;1,95;;;Brick, Modified, Decorated;Brick;Modified;P;;Dark Bluish Gray;#595D60;Solid;;;;;;;;;;;;;;Part;Brick, Modified 2 x 2 with Pins and Axle Hole with Red and White Danger Stripes Pattern (Sticker) - Set 7945;?;?;?;Casier Petit Gris;C;4;
;;438;1;0,0639;1;;id11477color1.jpg;;U;P;11477;;;0,31;;;Slope, Curved;Slope;Curved;P;;White;#FFFFFF;Solid;;;;;;;;;;;;;;Part;Slope, Curved 2 x 1 x 2/3;2;1;0.67;Casier Petit Gris;C;5;
;;438;3;0,0834;2;;id11477color3.jpg;;U;P;11477;;;0,31;;;Slope, Curved;Slope;Curved;P;;Yellow;#FFE001;Solid;;;;;;;;;;;;;;Part;Slope, Curved 2 x 1 x 2/3;2;1;0.67;Casier Petit Gris;C;5;
;;438;5;0,0861;6;;id11477color5.jpg;;U;P;11477;;;0,31;;;Slope, Curved;Slope;Curved;P;;Red;#B30006;Solid;;;;;;;;;;;;;;Part;Slope, Curved 2 x 1 x 2/3;2;1;0.67;Casier Petit Gris;C;5;
;;438;6;0,0522;3;;id11477color6.jpg;;U;P;11477;;;0,31;;;Slope, Curved;Slope;Curved;P;;Green;#00923D;Solid;;;;;;;;;;;;;;Part;Slope, Curved 2 x 1 x 2/3;2;1;0.67;Casier Petit Gris;C;5;
;;438;7;0,0706;6;;id11477color7.jpg;;U;P;11477;;;0,31;;;Slope, Curved;Slope;Curved;P;;Blue;#0057A6;Solid;;;;;;;;;;;;;;Part;Slope, Curved 2 x 1 x 2/3;2;1;0.67;Casier Petit Gris;C;5;
;;438;88;0,0854;3;;id11477color88.jpg;;U;P;11477;;;0,31;;;Slope, Curved;Slope;Curved;P;;Reddish Brown;#89351D;Solid;;;;;;;;;;;;;;Part;Slope, Curved 2 x 1 x 2/3;2;1;0.67;Casier Petit Gris;C;5;
;;438;11;0,0889;2;;id11477color11.jpg;;U;P;11477;;;0,31;;;Slope, Curved;Slope;Curved;P;;Black;#212121;Solid;;;;;;;;;;;;;;Part;Slope, Curved 2 x 1 x 2/3;2;1;0.67;Casier Petit Gris;C;5;
;;438;63;0,0614;13;;id11477color63.jpg;;U;P;11477;;;0,31;;;Slope, Curved;Slope;Curved;P;;Dark Blue;#243757;Solid;;;;;;;;;;;;;;Part;Slope, Curved 2 x 1 x 2/3;2;1;0.67;Casier Petit Gris;C;5;
;;438;85;0,0812;2;;id11477color85.jpg;;U;P;11477;;;0,31;;;Slope, Curved;Slope;Curved;P;;Dark Bluish Gray;#595D60;Solid;;;;;;;;;;;;;;Part;Slope, Curved 2 x 1 x 2/3;2;1;0.67;Casier Petit Gris;C;5;
;;438;86;0,0808;2;;id11477color86.jpg;;U;P;11477;;;0,31;;;Slope, Curved;Slope;Curved;P;;Light Bluish Gray;#AFB5C7;Solid;;;;;;;;;;;;;;Part;Slope, Curved 2 x 1 x 2/3;2;1;0.67;Casier Petit Gris;C;5;
;;438;89;0,045;7;;id11477color89.jpg;;U;P;11477;;;0,31;;;Slope, Curved;Slope;Curved;P;;Dark Purple;#5F2683;Solid;;;;;;;;;;;;;;Part;Slope, Curved 2 x 1 x 2/3;2;1;0.67;Casier Petit Gris;C;5;
;;438;158;0,0615;1;;id11477color158.jpg;;U;P;11477;;;0,31;;;Slope, Curved;Slope;Curved;P;;Yellowish Green;#E7F2A7;Solid;;;;;;;;;;;;;;Part;Slope, Curved 2 x 1 x 2/3;2;1;0.67;Casier Petit Gris;C;5;
;;31;3;0,0472;3;;id61409color3.jpg;;U;P;61409;;;0,3;;;Slope;Slope;;P;;Yellow;#FFE001;Solid;;;;;;;;;;;;;;Part;Slope 18 2 x 1 x 2/3 with Grille;2;1;0.67;Casier Petit Gris;C;5;
;;31;5;0,0468;2;;id61409color5.jpg;;U;P;61409;;;0,3;;;Slope;Slope;;P;;Red;#B30006;Solid;;;;;;;;;;;;;;Part;Slope 18 2 x 1 x 2/3 with Grille;2;1;0.67;Casier Petit Gris;C;5;
;;31;88;0,0678;7;;id61409color88.jpg;;U;P;61409;;;0,3;;;Slope;Slope;;P;;Reddish Brown;#89351D;Solid;;;;;;;;;;;;;;Part;Slope 18 2 x 1 x 2/3 with Grille;2;1;0.67;Casier Petit Gris;C;5;
;;31;11;0,045;10;;id61409color11.jpg;;U;P;61409;;;0,3;;;Slope;Slope;;P;;Black;#212121;Solid;;;;;;;;;;;;;;Part;Slope 18 2 x 1 x 2/3 with Grille;2;1;0.67;Casier Petit Gris;C;5;
;;31;34;0,0335;15;;id61409color34.jpg;;U;P;61409;;;0,3;;;Slope;Slope;;P;;Lime;#C4E000;Solid;;;;;;;;;;;;;;Part;Slope 18 2 x 1 x 2/3 with Grille;2;1;0.67;Casier Petit Gris;C;5;
;;31;68;0,0748;2;;id61409color68.jpg;;U;P;61409;;;0,3;;;Slope;Slope;;P;;Dark Orange;#B35408;Solid;;;;;;;;;;;;;;Part;Slope 18 2 x 1 x 2/3 with Grille;2;1;0.67;Casier Petit Gris;C;5;
;;31;85;0,0367;31;;id61409color85.jpg;;U;P;61409;;;0,3;;;Slope;Slope;;P;;Dark Bluish Gray;#595D60;Solid;;;;;;;;;;;;;;Part;Slope 18 2 x 1 x 2/3 with Grille;2;1;0.67;Casier Petit Gris;C;5;
;;31;1;0,0681;8;;id85984color1.jpg;;U;P;85984;;;0,34;;;Slope;Slope;;P;;White;#FFFFFF;Solid;;;;;;;;;;;;;;Part;Slope 30 1 x 2 x 2/3;1;2;0.67;Casier Petit Gris;C;5;
;;31;3;0,0579;2;;id85984color3.jpg;;U;P;85984;;;0,34;;;Slope;Slope;;P;;Yellow;#FFE001;Solid;;;;;;;;;;;;;;Part;Slope 30 1 x 2 x 2/3;1;2;0.67;Casier Petit Gris;C;5;
;;31;5;0,0749;2;;id85984color5.jpg;;U;P;85984;;;0,34;;;Slope;Slope;;P;;Red;#B30006;Solid;;;;;;;;;;;;;;Part;Slope 30 1 x 2 x 2/3;1;2;0.67;Casier Petit Gris;C;5;
;;31;6;0,0655;3;;id85984color6.jpg;;U;P;85984;;;0,34;;;Slope;Slope;;P;;Green;#00923D;Solid;;;;;;;;;;;;;;Part;Slope 30 1 x 2 x 2/3;1;2;0.67;Casier Petit Gris;C;5;
;;31;7;0,0655;2;;id85984color7.jpg;;U;P;85984;;;0,34;;;Slope;Slope;;P;;Blue;#0057A6;Solid;;;;;;;;;;;;;;Part;Slope 30 1 x 2 x 2/3;1;2;0.67;Casier Petit Gris;C;5;
;;31;11;0,0696;4;;id85984color11.jpg;;U;P;85984;;;0,34;;;Slope;Slope;;P;;Black;#212121;Solid;;;;;;;;;;;;;;Part;Slope 30 1 x 2 x 2/3;1;2;0.67;Casier Petit Gris;C;5;
;;31;36;0,0517;6;;id85984color36.jpg;;U;P;85984;;;0,34;;;Slope;Slope;;P;;Bright Green;#10CB31;Solid;;;;;;;;;;;;;;Part;Slope 30 1 x 2 x 2/3;1;2;0.67;Casier Petit Gris;C;5;
;;31;85;0,1107;8;;id85984color85.jpg;;U;P;85984;;;0,34;;;Slope;Slope;;P;;Dark Bluish Gray;#595D60;Solid;;;;;;;;;;;;;;Part;Slope 30 1 x 2 x 2/3;1;2;0.67;Casier Petit Gris;C;5;
;;31;86;0,1393;10;;id85984color86.jpg;;U;P;85984;;;0,34;;;Slope;Slope;;P;;Light Bluish Gray;#AFB5C7;Solid;;;;;;;;;;;;;;Part;Slope 30 1 x 2 x 2/3;1;2;0.67;Casier Petit Gris;C;5;
;;27;1;0,0642;93;;id3794acolor1.jpg;;U;P;3794a;;;0,3;;;Plate, Modified;Plate;Modified;P;;White;#FFFFFF;Solid;;;;;;;;;;;;;;Part;Plate, Modified 1 x 2 with 1 Stud without Groove (Jumper);1;2;0;Casier Petit Gris;D;1;
;;27;5;0,046;191;;id3794acolor5.jpg;;U;P;3794a;;;0,3;;;Plate, Modified;Plate;Modified;P;;Red;#B30006;Solid;;;;;;;;;;;;;;Part;Plate, Modified 1 x 2 with 1 Stud without Groove (Jumper);1;2;0;Casier Petit Gris;D;1;
;;27;9;0,1067;38;;id3794acolor9.jpg;;U;P;3794a;;;0,3;;;Plate, Modified;Plate;Modified;P;;Light Gray;#9C9C9C;Solid;;;;;;;;;;;;;;Part;Plate, Modified 1 x 2 with 1 Stud without Groove (Jumper);1;2;0;Casier Petit Gris;D;1;
;;27;10;0,1478;11;;id3794acolor10.jpg;;U;P;3794a;;;0,3;;;Plate, Modified;Plate;Modified;P;;Dark Gray;#6B5A5A;Solid;;;;;;;;;;;;;;Part;Plate, Modified 1 x 2 with 1 Stud without Groove (Jumper);1;2;0;Casier Petit Gris;D;1;
;;27;11;0,0702;134;;id3794acolor11.jpg;;U;P;3794a;;;0,3;;;Plate, Modified;Plate;Modified;P;;Black;#212121;Solid;;;;;;;;;;;;;;Part;Plate, Modified 1 x 2 with 1 Stud without Groove (Jumper);1;2;0;Casier Petit Gris;D;1;
;;27;1;0,3291;3;;id4510color1.jpg;;U;P;4510;;;1,8;;;Plate, Modified;Plate;Modified;P;;White;#FFFFFF;Solid;;;;;;;;;;;;;;Part;Plate, Modified 1 x 8 with Door Rail;?;?;?;Casier Petit Gris;D;2;
;;27;5;0,2662;1;;id4510color5.jpg;;U;P;4510;;;1,8;;;Plate, Modified;Plate;Modified;P;;Red;#B30006;Solid;;;;;;;;;;;;;;Part;Plate, Modified 1 x 8 with Door Rail;?;?;?;Casier Petit Gris;D;2;
;;27;7;0,3704;1;;id4510color7.jpg;;U;P;4510;;;1,8;;;Plate, Modified;Plate;Modified;P;;Blue;#0057A6;Solid;;;;;;;;;;;;;;Part;Plate, Modified 1 x 8 with Door Rail;?;?;?;Casier Petit Gris;D;2;
;;27;9;0,4235;1;;id4510color9.jpg;;U;P;4510;;;1,8;;;Plate, Modified;Plate;Modified;P;;Light Gray;#9C9C9C;Solid;;;;;;;;;;;;;;Part;Plate, Modified 1 x 8 with Door Rail;?;?;?;Casier Petit Gris;D;2;
;;27;11;0,1547;7;;id4510color11.jpg;;U;P;4510;;;1,8;;;Plate, Modified;Plate;Modified;P;;Black;#212121;Solid;;;;;;;;;;;;;;Part;Plate, Modified 1 x 8 with Door Rail;?;?;?;Casier Petit Gris;D;2;
;;27;85;0,1171;4;;id4510color85.jpg;;U;P;4510;;;1,8;;;Plate, Modified;Plate;Modified;P;;Dark Bluish Gray;#595D60;Solid;;;;;;;;;;;;;;Part;Plate, Modified 1 x 8 with Door Rail;?;?;?;Casier Petit Gris;D;2;
;;27;86;0,2003;4;;id4510color86.jpg;;U;P;4510;;;1,8;;;Plate, Modified;Plate;Modified;P;;Light Bluish Gray;#AFB5C7;Solid;;;;;;;;;;;;;;Part;Plate, Modified 1 x 8 with Door Rail;?;?;?;Casier Petit Gris;D;2;
;;27;2;0,1628;1;;id3794acolor2.jpg;;U;P;3794a;;;0,3;;;Plate, Modified;Plate;Modified;P;;Tan;#EED9A4;Solid;;;;;;;;;;;;;;Part;Plate, Modified 1 x 2 with 1 Stud without Groove (Jumper);1;2;0;Casier Petit Gris;D;2;
;;27;4;0,0854;1;;id3794acolor4.jpg;;U;P;3794a;;;0,3;;;Plate, Modified;Plate;Modified;P;;Orange;#FF7E14;Solid;;;;;;;;;;;;;;Part;Plate, Modified 1 x 2 with 1 Stud without Groove (Jumper);1;2;0;Casier Petit Gris;D;2;
;;27;6;0,0588;6;;id3794acolor6.jpg;;U;P;3794a;;;0,3;;;Plate, Modified;Plate;Modified;P;;Green;#00923D;Solid;;;;;;;;;;;;;;Part;Plate, Modified 1 x 2 with 1 Stud without Groove (Jumper);1;2;0;Casier Petit Gris;D;2;
;;27;8;0,297;10;;id3794acolor8.jpg;;U;P;3794a;;;0,3;;;Plate, Modified;Plate;Modified;P;;Brown;#532115;Solid;;;;;;;;;;;;;;Part;Plate, Modified 1 x 2 with 1 Stud without Groove (Jumper);1;2;0;Casier Petit Gris;D;2;
;;27;34;0,0693;3;;id3794acolor34.jpg;;U;P;3794a;;;0,3;;;Plate, Modified;Plate;Modified;P;;Lime;#C4E000;Solid;;;;;;;;;;;;;;Part;Plate, Modified 1 x 2 with 1 Stud without Groove (Jumper);1;2;0;Casier Petit Gris;D;2;
;;27;59;0,0981;1;;id3794acolor59.jpg;;U;P;3794a;;;0,3;;;Plate, Modified;Plate;Modified;P;;Dark Red;#6A0E15;Solid;;;;;;;;;;;;;;Part;Plate, Modified 1 x 2 with 1 Stud without Groove (Jumper);1;2;0;Casier Petit Gris;D;2;
;;27;63;0,081;6;;id3794acolor63.jpg;;U;P;3794a;;;0,3;;;Plate, Modified;Plate;Modified;P;;Dark Blue;#243757;Solid;;;;;;;;;;;;;;Part;Plate, Modified 1 x 2 with 1 Stud without Groove (Jumper);1;2;0;Casier Petit Gris;D;2;
;;27;85;0,0982;24;;id3794acolor85.jpg;;U;P;3794a;;;0,3;;;Plate, Modified;Plate;Modified;P;;Dark Bluish Gray;#595D60;Solid;;;;;;;;;;;;;;Part;Plate, Modified 1 x 2 with 1 Stud without Groove (Jumper);1;2;0;Casier Petit Gris;D;2;
;;27;86;0,1197;26;;id3794acolor86.jpg;;U;P;3794a;;;0,3;;;Plate, Modified;Plate;Modified;P;;Light Bluish Gray;#AFB5C7;Solid;;;;;;;;;;;;;;Part;Plate, Modified 1 x 2 with 1 Stud without Groove (Jumper);1;2;0;Casier Petit Gris;D;2;
;;27;115;0,0544;7;;id3794acolor115.jpg;;U;P;3794a;;;0,3;;;Plate, Modified;Plate;Modified;P;;Pearl Gold;#E79E1D;Pearl;;;;;;;;;;;;;;Part;Plate, Modified 1 x 2 with 1 Stud without Groove (Jumper);1;2;0;Casier Petit Gris;D;2;
;;27;5;0,0667;3;;id2926color5.jpg;;U;P;2926;;;0,9;;;Plate, Modified;Plate;Modified;P;;Red;#B30006;Solid;;;;;;;;;;;;;;Part;Plate, Modified 1 x 4 with Wheels Holder;1;5.5;0;Casier Petit Gris;D;3;
;;27;9;0,0582;12;;id2926color9.jpg;;U;P;2926;;;0,9;;;Plate, Modified;Plate;Modified;P;;Light Gray;#9C9C9C;Solid;;;;;;;;;;;;;;Part;Plate, Modified 1 x 4 with Wheels Holder;1;5.5;0;Casier Petit Gris;D;3;
;;27;11;0,0376;13;;id2926color11.jpg;;U;P;2926;;;0,9;;;Plate, Modified;Plate;Modified;P;;Black;#212121;Solid;;;;;;;;;;;;;;Part;Plate, Modified 1 x 4 with Wheels Holder;1;5.5;0;Casier Petit Gris;D;3;
;;27;1;0,0727;17;;id4488color1.jpg;;U;P;4488;;;1,18;;;Plate, Modified;Plate;Modified;P;;White;#FFFFFF;Solid;;;;;;;;;;;;;;Part;Plate, Modified 2 x 2 with Wheel Holder;2;2.5;0;Casier Petit Gris;D;3;
;;27;5;0,0723;7;;id4488color5.jpg;;U;P;4488;;;1,18;;;Plate, Modified;Plate;Modified;P;;Red;#B30006;Solid;;;;;;;;;;;;;;Part;Plate, Modified 2 x 2 with Wheel Holder;2;2.5;0;Casier Petit Gris;D;3;
;;27;11;0,0368;61;;id4488color11.jpg;;U;P;4488;;;1,18;;;Plate, Modified;Plate;Modified;P;;Black;#212121;Solid;;;;;;;;;;;;;;Part;Plate, Modified 2 x 2 with Wheel Holder;2;2.5;0;Casier Petit Gris;D;3;
;;27;86;0,0377;19;;id4488color86.jpg;;U;P;4488;;;1,18;;;Plate, Modified;Plate;Modified;P;;Light Bluish Gray;#AFB5C7;Solid;;;;;;;;;;;;;;Part;Plate, Modified 2 x 2 with Wheel Holder;2;2.5;0;Casier Petit Gris;D;3;
;;7;5;0,1731;3;;id2653color5.jpg;;U;P;2653;;;1,42;;;Brick, Modified;Brick;Modified;P;;Red;#B30006;Solid;;;;;;;;;;;;;;Part;Brick, Modified 1 x 4 with Groove;1;4;1;Casier Petit Gris;D;4;
;;7;9;0,1754;2;;id2653color9.jpg;;U;P;2653;;;1,42;;;Brick, Modified;Brick;Modified;P;;Light Gray;#9C9C9C;Solid;;;;;;;;;;;;;;Part;Brick, Modified 1 x 4 with Groove;1;4;1;Casier Petit Gris;D;4;
;;7;11;0,0694;4;;id2653color11.jpg;;U;P;2653;;;1,42;;;Brick, Modified;Brick;Modified;P;;Black;#212121;Solid;;;;;;;;;;;;;;Part;Brick, Modified 1 x 4 with Groove;1;4;1;Casier Petit Gris;D;4;
;;7;86;0,0684;2;;id2653color86.jpg;;U;P;2653;;;1,42;;;Brick, Modified;Brick;Modified;P;;Light Bluish Gray;#AFB5C7;Solid;;;;;;;;;;;;;;Part;Brick, Modified 1 x 4 with Groove;1;4;1;Casier Petit Gris;D;4;
;;27;5;0,1068;10;;id30586color5.jpg;;U;P;30586;;;2,5;;;Plate, Modified;Plate;Modified;P;;Red;#B30006;Solid;;;;;;;;;;;;;;Part;Plate, Modified 2 x 8 with Door Rail;?;?;?;Casier Petit Gris;D;4;
;;27;1;0,1059;6;;id32028color1.jpg;;U;P;32028;;;0,44;;;Plate, Modified;Plate;Modified;P;;White;#FFFFFF;Solid;;;;;;;;;;;;;;Part;Plate, Modified 1 x 2 with Door Rail;?;?;?;Casier Petit Gris;D;4;
;;27;3;0,069;6;;id32028color3.jpg;;U;P;32028;;;0,44;;;Plate, Modified;Plate;Modified;P;;Yellow;#FFE001;Solid;;;;;;;;;;;;;;Part;Plate, Modified 1 x 2 with Door Rail;?;?;?;Casier Petit Gris;D;4;
;;27;6;0,0616;12;;id32028color6.jpg;;U;P;32028;;;0,44;;;Plate, Modified;Plate;Modified;P;;Green;#00923D;Solid;;;;;;;;;;;;;;Part;Plate, Modified 1 x 2 with Door Rail;?;?;?;Casier Petit Gris;D;4;
;;27;9;0,1402;3;;id32028color9.jpg;;U;P;32028;;;0,44;;;Plate, Modified;Plate;Modified;P;;Light Gray;#9C9C9C;Solid;;;;;;;;;;;;;;Part;Plate, Modified 1 x 2 with Door Rail;?;?;?;Casier Petit Gris;D;4;
;;27;11;0,0671;14;;id32028color11.jpg;;U;P;32028;;;0,44;;;Plate, Modified;Plate;Modified;P;;Black;#212121;Solid;;;;;;;;;;;;;;Part;Plate, Modified 1 x 2 with Door Rail;?;?;?;Casier Petit Gris;D;4;
;;27;85;0,065;1;;id32028color85.jpg;;U;P;32028;;;0,44;;;Plate, Modified;Plate;Modified;P;;Dark Bluish Gray;#595D60;Solid;;;;;;;;;;;;;;Part;Plate, Modified 1 x 2 with Door Rail;?;?;?;Casier Petit Gris;D;4;
;;27;86;0,0796;18;;id32028color86.jpg;;U;P;32028;;;0,44;;;Plate, Modified;Plate;Modified;P;;Light Bluish Gray;#AFB5C7;Solid;;;;;;;;;;;;;;Part;Plate, Modified 1 x 2 with Door Rail;?;?;?;Casier Petit Gris;D;4;
;;438;1;0,1141;2;;id15068color1.jpg;;U;P;15068;;;0,57;;;Slope, Curved;Slope;Curved;P;;White;#FFFFFF;Solid;;;;;;;;;;;;;;Part;Slope, Curved 2 x 2 x 2/3;2;2;0.67;Casier Petit Gris;D;5;
;;438;5;0,1123;4;;id15068color5.jpg;;U;P;15068;;;0,57;;;Slope, Curved;Slope;Curved;P;;Red;#B30006;Solid;;;;;;;;;;;;;;Part;Slope, Curved 2 x 2 x 2/3;2;2;0.67;Casier Petit Gris;D;5;
;;438;48;0,0762;2;;id15068color48.jpg;;U;P;15068;;;0,57;;;Slope, Curved;Slope;Curved;P;;Sand Green;#A2BFA3;Solid;;;;;;;;;;;;;;Part;Slope, Curved 2 x 2 x 2/3;2;2;0.67;Casier Petit Gris;D;5;
;;438;59;0,1018;1;;id15068color59.jpg;;U;P;15068;;;0,57;;;Slope, Curved;Slope;Curved;P;;Dark Red;#6A0E15;Solid;;;;;;;;;;;;;;Part;Slope, Curved 2 x 2 x 2/3;2;2;0.67;Casier Petit Gris;D;5;
;;438;63;0,0757;13;;id15068color63.jpg;;U;P;15068;;;0,57;;;Slope, Curved;Slope;Curved;P;;Dark Blue;#243757;Solid;;;;;;;;;;;;;;Part;Slope, Curved 2 x 2 x 2/3;2;2;0.67;Casier Petit Gris;D;5;
;;438;85;0,2049;6;;id15068color85.jpg;;U;P;15068;;;0,57;;;Slope, Curved;Slope;Curved;P;;Dark Bluish Gray;#595D60;Solid;;;;;;;;;;;;;;Part;Slope, Curved 2 x 2 x 2/3;2;2;0.67;Casier Petit Gris;D;5;
;;438;120;0,0736;1;;id15068color120.jpg;;U;P;15068;;;0,57;;;Slope, Curved;Slope;Curved;P;;Dark Brown;#330000;Solid;;;;;;;;;;;;;;Part;Slope, Curved 2 x 2 x 2/3;2;2;0.67;Casier Petit Gris;D;5;
;;438;1;0,0584;1;;id30602color1.jpg;;U;P;30602;;;1;;;Slope, Curved;Slope;Curved;P;;White;#FFFFFF;Solid;;;;;;;;;;;;;;Part;Slope, Curved 2 x 2 Lip;2;2;1;Casier Petit Gris;D;5;
;;438;3;0,0745;1;;id30602color3.jpg;;U;P;30602;;;1;;;Slope, Curved;Slope;Curved;P;;Yellow;#FFE001;Solid;;;;;;;;;;;;;;Part;Slope, Curved 2 x 2 Lip;2;2;1;Casier Petit Gris;D;5;
;;438;4;0,0542;1;;id30602color4.jpg;;U;P;30602;;;1;;;Slope, Curved;Slope;Curved;P;;Orange;#FF7E14;Solid;;;;;;;;;;;;;;Part;Slope, Curved 2 x 2 Lip;2;2;1;Casier Petit Gris;D;5;
;;438;5;0,058;1;;id30602color5.jpg;;U;P;30602;;;1;;;Slope, Curved;Slope;Curved;P;;Red;#B30006;Solid;;;;;;;;;;;;;;Part;Slope, Curved 2 x 2 Lip;2;2;1;Casier Petit Gris;D;5;
;;438;7;0,058;2;;id30602color7.jpg;;U;P;30602;;;1;;;Slope, Curved;Slope;Curved;P;;Blue;#0057A6;Solid;;;;;;;;;;;;;;Part;Slope, Curved 2 x 2 Lip;2;2;1;Casier Petit Gris;D;5;
;;438;11;0,0617;3;;id30602color11.jpg;;U;P;30602;;;1;;;Slope, Curved;Slope;Curved;P;;Black;#212121;Solid;;;;;;;;;;;;;;Part;Slope, Curved 2 x 2 Lip;2;2;1;Casier Petit Gris;D;5;
;;438;85;0,0708;1;;id30602color85.jpg;;U;P;30602;;;1;;;Slope, Curved;Slope;Curved;P;;Dark Bluish Gray;#595D60;Solid;;;;;;;;;;;;;;Part;Slope, Curved 2 x 2 Lip;2;2;1;Casier Petit Gris;D;5;
;;7;11;0,0608;5;;id30603color11.jpg;;U;P;30603;;;0,7;;;Brick, Modified;Brick;Modified;P;;Black;#212121;Solid;;;;;;;;;;;;;;Part;Brick, Modified 2 x 2 No Studs, Sloped with 6 Side Pistons Raised;2;2;1;Casier Petit Gris;D;5;
;;775;5;0,0975;1;;Not Available;;U;P;30602pb041R;;;1;;;Slope, Curved, Decorated;Slope;Curved;P;;Red;#B30006;Solid;;;;;;;;;;;;;;Part;Slope, Curved 2 x 2 Lip with Shell Logo Pattern Right (Sticker) - Sets 8375 / 8654 / 8672 / 8673;2;2;1;Casier Petit Gris;D;5;
;;775;5;0,0922;1;;Not Available;;U;P;30602pb032L;;;0,97;;;Slope, Curved, Decorated;Slope;Curved;P;;Red;#B30006;Solid;;;;;;;;;;;;;;Part;Slope, Curved 2 x 2 Lip with Vodafone Pattern Left (Sticker) - Sets 8654 / 8375;2;2;1;Casier Petit Gris;D;5;
;;775;5;0,1204;1;;Not Available;;U;P;30602pb032R;;;1;;;Slope, Curved, Decorated;Slope;Curved;P;;Red;#B30006;Solid;;;;;;;;;;;;;;Part;Slope, Curved 2 x 2 Lip with Vodafone Pattern Right (Sticker) - Sets 8654 / 8375;2;2;1;Casier Petit Gris;D;5;
;;775;1;0,1141;2;;Not Available;;U;P;30602pb039;;;1;;;Slope, Curved, Decorated;Slope;Curved;P;;White;#FFFFFF;Solid;;;;;;;;;;;;;;Part;Slope, Curved 2 x 2 Lip with 3 Black/Silver Bars Pattern (Sticker) - Set 8102;2;2;1;Casier Petit Gris;D;5;
;;775;3;0,0828;1;;Not Available;;U;P;30602pb005;;;1;;;Slope, Curved, Decorated;Slope;Curved;P;;Yellow;#FFE001;Solid;;;;;;;;;;;;;;Part;Slope, Curved 2 x 2 Lip with Mission Deep Sea 'TEE VEE' Pattern;2;2;1;Casier Petit Gris;D;5;
;;775;5;0,1214;1;;Not Available;;U;P;30602pb087;;;1;;;Slope, Curved, Decorated;Slope;Curved;P;;Red;#B30006;Solid;;;;;;;;;;;;;;Part;Slope, Curved 2 x 2 Lip with Flame and Lion Head Pattern (Sticker) - Set 70600;2;2;1;Casier Petit Gris;D;5;
;;Category ID Not Available;7;0;1;;Not Available;;U;P;30602pb083L;;;0;;;Category Name Not Available;Category1 Not Available;Category2 Not Available;P;Category4 Not Available;Blue;#0057A6;Solid;;;;;;;;;;;;;;Part;Name Not Available;DimensionX Not Available;DimensionY Not Available;DimensionZ Not Available;Casier Petit Gris;D;5;
;;Category ID Not Available;7;0;1;;Not Available;;U;P;30602pb083R;;;0;;;Category Name Not Available;Category1 Not Available;Category2 Not Available;P;Category4 Not Available;Blue;#0057A6;Solid;;;;;;;;;;;;;;Part;Name Not Available;DimensionX Not Available;DimensionY Not Available;DimensionZ Not Available;Casier Petit Gris;D;5;
;;438;11;0,0495;1;;id44675color11.jpg;;U;P;44675;;;1;;;Slope, Curved;Slope;Curved;P;;Black;#212121;Solid;;;;;;;;;;;;;;Part;Slope, Curved 2 x 2 with 3 Side Ports Recessed;2;2;1;Casier Petit Gris;D;5;
;;438;63;0,0799;1;;id44675color63.jpg;;U;P;44675;;;1;;;Slope, Curved;Slope;Curved;P;;Dark Blue;#243757;Solid;;;;;;;;;;;;;;Part;Slope, Curved 2 x 2 with 3 Side Ports Recessed;2;2;1;Casier Petit Gris;D;5;
;;438;86;0,0542;6;;id44675color86.jpg;;U;P;44675;;;1;;;Slope, Curved;Slope;Curved;P;;Light Bluish Gray;#AFB5C7;Solid;;;;;;;;;;;;;;Part;Slope, Curved 2 x 2 with 3 Side Ports Recessed;2;2;1;Casier Petit Gris;D;5;
;;438;11;1,063;1;;id6081color11.jpg;;U;P;6081;;;2,78;;;Slope, Curved;Slope;Curved;P;;Black;#212121;Solid;;;;;;;;;;;;;;Part;Slope, Curved 2 x 4 x 1 1/3 with 4 Recessed Studs;2;4;1.33;Casier Petit Gris;E;1;
;;438;85;0,2477;1;;id6081color85.jpg;;U;P;6081;;;2,78;;;Slope, Curved;Slope;Curved;P;;Dark Bluish Gray;#595D60;Solid;;;;;;;;;;;;;;Part;Slope, Curved 2 x 4 x 1 1/3 with 4 Recessed Studs;2;4;1.33;Casier Petit Gris;E;1;
;;438;156;0,183;1;;id6081color156.jpg;;U;P;6081;;;2,78;;;Slope, Curved;Slope;Curved;P;;Medium Azure;#6ACEE0;Solid;;;;;;;;;;;;;;Part;Slope, Curved 2 x 4 x 1 1/3 with 4 Recessed Studs;2;4;1.33;Casier Petit Gris;E;1;
;;438;6;0,9372;1;;id6191color6.jpg;;U;P;6191;;;1,78;;;Slope, Curved;Slope;Curved;P;;Green;#00923D;Solid;;;;;;;;;;;;;;Part;Slope, Curved 1 x 4 x 1 1/3;1;4;1.33;Casier Petit Gris;E;1;
;;438;86;0,4162;2;;id6191color86.jpg;;U;P;6191;;;1,78;;;Slope, Curved;Slope;Curved;P;;Light Bluish Gray;#AFB5C7;Solid;;;;;;;;;;;;;;Part;Slope, Curved 1 x 4 x 1 1/3;1;4;1.33;Casier Petit Gris;E;1;
;;438;1;4,6283;4;;id6192color1.jpg;;U;P;6192;;;2;;;Slope, Curved;Slope;Curved;P;;White;#FFFFFF;Solid;;;;;;;;;;;;;;Part;Slope, Curved 2 x 4 Double;2;4;1;Casier Petit Gris;E;1;
;;438;3;0,0556;3;;id41855color3.jpg;;U;P;41855;;;0,75;;;Slope, Curved;Slope;Curved;P;;Yellow;#FFE001;Solid;;;;;;;;;;;;;;Part;Slope, Curved 2 x 2 x 2/3 with Two Studs and Curved Sides, Lip End;2;2;0.67;Casier Petit Gris;E;1;
;;438;11;0,3726;2;;id41855color11.jpg;;U;P;41855;;;0,75;;;Slope, Curved;Slope;Curved;P;;Black;#212121;Solid;;;;;;;;;;;;;;Part;Slope, Curved 2 x 2 x 2/3 with Two Studs and Curved Sides, Lip End;2;2;0.67;Casier Petit Gris;E;1;
;;438;34;0,0808;1;;id41855color34.jpg;;U;P;41855;;;0,75;;;Slope, Curved;Slope;Curved;P;;Lime;#C4E000;Solid;;;;;;;;;;;;;;Part;Slope, Curved 2 x 2 x 2/3 with Two Studs and Curved Sides, Lip End;2;2;0.67;Casier Petit Gris;E;1;
;;438;1;0,0419;2;;id47457color1.jpg;;U;P;47457;;;0,76;;;Slope, Curved;Slope;Curved;P;;White;#FFFFFF;Solid;;;;;;;;;;;;;;Part;Slope, Curved 2 x 2 x 2/3 with Two Studs and Curved Sides;2;2;0.67;Casier Petit Gris;E;1;
;;438;3;0,0371;1;;id47457color3.jpg;;U;P;47457;;;0,76;;;Slope, Curved;Slope;Curved;P;;Yellow;#FFE001;Solid;;;;;;;;;;;;;;Part;Slope, Curved 2 x 2 x 2/3 with Two Studs and Curved Sides;2;2;0.67;Casier Petit Gris;E;1;
;;438;5;0,0308;8;;id47457color5.jpg;;U;P;47457;;;0,76;;;Slope, Curved;Slope;Curved;P;;Red;#B30006;Solid;;;;;;;;;;;;;;Part;Slope, Curved 2 x 2 x 2/3 with Two Studs and Curved Sides;2;2;0.67;Casier Petit Gris;E;1;
;;438;6;0,059;2;;id47457color6.jpg;;U;P;47457;;;0,76;;;Slope, Curved;Slope;Curved;P;;Green;#00923D;Solid;;;;;;;;;;;;;;Part;Slope, Curved 2 x 2 x 2/3 with Two Studs and Curved Sides;2;2;0.67;Casier Petit Gris;E;1;
;;438;7;0,0368;1;;id47457color7.jpg;;U;P;47457;;;0,76;;;Slope, Curved;Slope;Curved;P;;Blue;#0057A6;Solid;;;;;;;;;;;;;;Part;Slope, Curved 2 x 2 x 2/3 with Two Studs and Curved Sides;2;2;0.67;Casier Petit Gris;E;1;
;;438;11;0,1484;2;;id47457color11.jpg;;U;P;47457;;;0,76;;;Slope, Curved;Slope;Curved;P;;Black;#212121;Solid;;;;;;;;;;;;;;Part;Slope, Curved 2 x 2 x 2/3 with Two Studs and Curved Sides;2;2;0.67;Casier Petit Gris;E;1;
;;438;85;0,0378;8;;id47457color85.jpg;;U;P;47457;;;0,76;;;Slope, Curved;Slope;Curved;P;;Dark Bluish Gray;#595D60;Solid;;;;;;;;;;;;;;Part;Slope, Curved 2 x 2 x 2/3 with Two Studs and Curved Sides;2;2;0.67;Casier Petit Gris;E;1;
;;438;86;0,04;3;;id47457color86.jpg;;U;P;47457;;;0,76;;;Slope, Curved;Slope;Curved;P;;Light Bluish Gray;#AFB5C7;Solid;;;;;;;;;;;;;;Part;Slope, Curved 2 x 2 x 2/3 with Two Studs and Curved Sides;2;2;0.67;Casier Petit Gris;E;1;
;;438;155;0,0538;1;;id47457color155.jpg;;U;P;47457;;;0,76;;;Slope, Curved;Slope;Curved;P;;Olive Green;#ABA953;Solid;;;;;;;;;;;;;;Part;Slope, Curved 2 x 2 x 2/3 with Two Studs and Curved Sides;2;2;0.67;Casier Petit Gris;E;1;
;;438;156;0,0593;4;;id47457color156.jpg;;U;P;47457;;;0,76;;;Slope, Curved;Slope;Curved;P;;Medium Azure;#6ACEE0;Solid;;;;;;;;;;;;;;Part;Slope, Curved 2 x 2 x 2/3 with Two Studs and Curved Sides;2;2;0.67;Casier Petit Gris;E;1;
;;775;6;0,091;2;;Not Available;;U;P;47457pb01;;;0,76;;;Slope, Curved, Decorated;Slope;Curved;P;;Green;#00923D;Solid;;;;;;;;;;;;;;Part;Slope, Curved 2 x 2 x 2/3 with Two Studs and Curved Sides with Ornate Yellow Lines Pattern;2;2;0.67;Casier Petit Gris;E;1;
;;438;1;0,2023;2;;id6081color1.jpg;;U;P;6081;;;2,78;;;Slope, Curved;Slope;Curved;P;;White;#FFFFFF;Solid;;;;;;;;;;;;;;Part;Slope, Curved 2 x 4 x 1 1/3 with 4 Recessed Studs;2;4;1.33;Casier Petit Gris;E;2;
;;438;3;0,1115;1;;id6081color3.jpg;;U;P;6081;;;2,78;;;Slope, Curved;Slope;Curved;P;;Yellow;#FFE001;Solid;;;;;;;;;;;;;;Part;Slope, Curved 2 x 4 x 1 1/3 with 4 Recessed Studs;2;4;1.33;Casier Petit Gris;E;2;
;;438;5;0,1366;2;;id6081color5.jpg;;U;P;6081;;;2,78;;;Slope, Curved;Slope;Curved;P;;Red;#B30006;Solid;;;;;;;;;;;;;;Part;Slope, Curved 2 x 4 x 1 1/3 with 4 Recessed Studs;2;4;1.33;Casier Petit Gris;E;2;
;;438;1;0,0714;5;;id6091color1.jpg;;U;P;6091;;;0,65;;;Slope, Curved;Slope;Curved;P;;White;#FFFFFF;Solid;;;;;;;;;;;;;;Part;Slope, Curved 2 x 1 x 1 1/3 with Recessed Stud;1;2;1.33;Casier Petit Gris;E;2;
;;438;2;0,0806;3;;id6091color2.jpg;;U;P;6091;;;0,65;;;Slope, Curved;Slope;Curved;P;;Tan;#EED9A4;Solid;;;;;;;;;;;;;;Part;Slope, Curved 2 x 1 x 1 1/3 with Recessed Stud;1;2;1.33;Casier Petit Gris;E;2;
;;438;3;0,092;12;;id6091color3.jpg;;U;P;6091;;;0,65;;;Slope, Curved;Slope;Curved;P;;Yellow;#FFE001;Solid;;;;;;;;;;;;;;Part;Slope, Curved 2 x 1 x 1 1/3 with Recessed Stud;1;2;1.33;Casier Petit Gris;E;2;
;;438;5;0,0489;15;;id6091color5.jpg;;U;P;6091;;;0,65;;;Slope, Curved;Slope;Curved;P;;Red;#B30006;Solid;;;;;;;;;;;;;;Part;Slope, Curved 2 x 1 x 1 1/3 with Recessed Stud;1;2;1.33;Casier Petit Gris;E;2;
;;438;6;0,0778;3;;id6091color6.jpg;;U;P;6091;;;0,65;;;Slope, Curved;Slope;Curved;P;;Green;#00923D;Solid;;;;;;;;;;;;;;Part;Slope, Curved 2 x 1 x 1 1/3 with Recessed Stud;1;2;1.33;Casier Petit Gris;E;2;
;;438;7;0,0746;3;;id6091color7.jpg;;U;P;6091;;;0,65;;;Slope, Curved;Slope;Curved;P;;Blue;#0057A6;Solid;;;;;;;;;;;;;;Part;Slope, Curved 2 x 1 x 1 1/3 with Recessed Stud;1;2;1.33;Casier Petit Gris;E;2;
;;438;9;0,1519;13;;id6091color9.jpg;;U;P;6091;;;0,65;;;Slope, Curved;Slope;Curved;P;;Light Gray;#9C9C9C;Solid;;;;;;;;;;;;;;Part;Slope, Curved 2 x 1 x 1 1/3 with Recessed Stud;1;2;1.33;Casier Petit Gris;E;2;
;;438;10;0,159;1;;id6091color10.jpg;;U;P;6091;;;0,65;;;Slope, Curved;Slope;Curved;P;;Dark Gray;#6B5A5A;Solid;;;;;;;;;;;;;;Part;Slope, Curved 2 x 1 x 1 1/3 with Recessed Stud;1;2;1.33;Casier Petit Gris;E;2;
;;438;11;0,0702;3;;id6091color11.jpg;;U;P;6091;;;0,65;;;Slope, Curved;Slope;Curved;P;;Black;#212121;Solid;;;;;;;;;;;;;;Part;Slope, Curved 2 x 1 x 1 1/3 with Recessed Stud;1;2;1.33;Casier Petit Gris;E;2;
;;438;48;0,283;1;;id6091color48.jpg;;U;P;6091;;;0,65;;;Slope, Curved;Slope;Curved;P;;Sand Green;#A2BFA3;Solid;;;;;;;;;;;;;;Part;Slope, Curved 2 x 1 x 1 1/3 with Recessed Stud;1;2;1.33;Casier Petit Gris;E;2;
;;438;59;0,0679;2;;id6091color59.jpg;;U;P;6091;;;0,65;;;Slope, Curved;Slope;Curved;P;;Dark Red;#6A0E15;Solid;;;;;;;;;;;;;;Part;Slope, Curved 2 x 1 x 1 1/3 with Recessed Stud;1;2;1.33;Casier Petit Gris;E;2;
;;438;85;0,0627;5;;id6091color85.jpg;;U;P;6091;;;0,65;;;Slope, Curved;Slope;Curved;P;;Dark Bluish Gray;#595D60;Solid;;;;;;;;;;;;;;Part;Slope, Curved 2 x 1 x 1 1/3 with Recessed Stud;1;2;1.33;Casier Petit Gris;E;2;
;;438;86;0,0974;1;;id6091color86.jpg;;U;P;6091;;;0,65;;;Slope, Curved;Slope;Curved;P;;Light Bluish Gray;#AFB5C7;Solid;;;;;;;;;;;;;;Part;Slope, Curved 2 x 1 x 1 1/3 with Recessed Stud;1;2;1.33;Casier Petit Gris;E;2;
;;438;104;0,0864;1;;id6091color104.jpg;;U;P;6091;;;0,65;;;Slope, Curved;Slope;Curved;P;;Bright Pink;#F7BCDA;Solid;;;;;;;;;;;;;;Part;Slope, Curved 2 x 1 x 1 1/3 with Recessed Stud;1;2;1.33;Casier Petit Gris;E;2;
;;27;1;0,084;1;;id4600color1.jpg;;U;P;4600;;;0,82;;;Plate, Modified;Plate;Modified;P;;White;#FFFFFF;Solid;;;;;;;;;;;;;;Part;Plate, Modified 2 x 2 with Wheels Holder;?;?;?;Casier Petit Gris;E;3;
;;27;9;0,043;6;;id4600color9.jpg;;U;P;4600;;;0,82;;;Plate, Modified;Plate;Modified;P;;Light Gray;#9C9C9C;Solid;;;;;;;;;;;;;;Part;Plate, Modified 2 x 2 with Wheels Holder;?;?;?;Casier Petit Gris;E;3;
;;27;11;0,0351;38;;id4600color11.jpg;;U;P;4600;;;0,82;;;Plate, Modified;Plate;Modified;P;;Black;#212121;Solid;;;;;;;;;;;;;;Part;Plate, Modified 2 x 2 with Wheels Holder;?;?;?;Casier Petit Gris;E;3;
;;27;86;0,0503;18;;id4600color86.jpg;;U;P;4600;;;0,82;;;Plate, Modified;Plate;Modified;P;;Light Bluish Gray;#AFB5C7;Solid;;;;;;;;;;;;;;Part;Plate, Modified 2 x 2 with Wheels Holder;?;?;?;Casier Petit Gris;E;3;
;;27;10;0,0575;4;;id6157color10.jpg;;U;P;6157;;;1,12;;;Plate, Modified;Plate;Modified;P;;Dark Gray;#6B5A5A;Solid;;;;;;;;;;;;;;Part;Plate, Modified 2 x 2 with Wheels Holder Wide and Hole;?;?;?;Casier Petit Gris;E;3;
;;27;11;0,0321;43;;id6157color11.jpg;;U;P;6157;;;1,12;;;Plate, Modified;Plate;Modified;P;;Black;#212121;Solid;;;;;;;;;;;;;;Part;Plate, Modified 2 x 2 with Wheels Holder Wide and Hole;?;?;?;Casier Petit Gris;E;3;
;;27;85;0,0376;11;;id6157color85.jpg;;U;P;6157;;;1,12;;;Plate, Modified;Plate;Modified;P;;Dark Bluish Gray;#595D60;Solid;;;;;;;;;;;;;;Part;Plate, Modified 2 x 2 with Wheels Holder Wide and Hole;?;?;?;Casier Petit Gris;E;3;
;;27;86;0,0289;7;;id6157color86.jpg;;U;P;6157;;;1,12;;;Plate, Modified;Plate;Modified;P;;Light Bluish Gray;#AFB5C7;Solid;;;;;;;;;;;;;;Part;Plate, Modified 2 x 2 with Wheels Holder Wide and Hole;?;?;?;Casier Petit Gris;E;3;
;;540;1;0,1775;3;;id3579color1.jpg;;U;P;3579;;;1,79;;;Door, Frame;Door;Frame;P;;White;#FFFFFF;Solid;;;;;;;;;;;;;;Part;Door, Frame 1 x 3 x 4;1;3;4;Casier Petit Gris;E;4;
;;540;5;0,1062;14;;id3579color5.jpg;;U;P;3579;;;1,79;;;Door, Frame;Door;Frame;P;;Red;#B30006;Solid;;;;;;;;;;;;;;Part;Door, Frame 1 x 3 x 4;1;3;4;Casier Petit Gris;E;4;
;;81;1;0,4213;1;;id3582color1.jpg;;U;P;3582;;;0,4;;;Window, Glass & Shutter;Window;Glass & Shutter;P;;White;#FFFFFF;Solid;;;;;;;;;;;;;;Part;Shutter for Window 1 x 2 x 2;1;2;2;Casier Petit Gris;E;4;
;;81;3;0,1266;14;;id3582color3.jpg;;U;P;3582;;;0,4;;;Window, Glass & Shutter;Window;Glass & Shutter;P;;Yellow;#FFE001;Solid;;;;;;;;;;;;;;Part;Shutter for Window 1 x 2 x 2;1;2;2;Casier Petit Gris;E;4;
;;81;7;0,0641;40;;id3582color7.jpg;;U;P;3582;;;0,4;;;Window, Glass & Shutter;Window;Glass & Shutter;P;;Blue;#0057A6;Solid;;;;;;;;;;;;;;Part;Shutter for Window 1 x 2 x 2;1;2;2;Casier Petit Gris;E;4;
;;81;9;0,9315;1;;id3582color9.jpg;;U;P;3582;;;0,4;;;Window, Glass & Shutter;Window;Glass & Shutter;P;;Light Gray;#9C9C9C;Solid;;;;;;;;;;;;;;Part;Shutter for Window 1 x 2 x 2;1;2;2;Casier Petit Gris;E;4;
;;12;7;0,099;9;;Not Available;;U;P;7930;;;1,2;;;Door;Door;;P;;Blue;#0057A6;Solid;;;;;;;;;;;;;;Part;Door 1 x 3 x 4 with Glass;1;3;4;Casier Petit Gris;E;4;
;;12;1;0,1147;1;;Not Available;;U;P;7930;;;1,2;;;Door;Door;;P;;White;#FFFFFF;Solid;;;;;;;;;;;;;;Part;Door 1 x 3 x 4 with Glass;1;3;4;Casier Petit Gris;E;4;
;;12;5;0,1274;5;;Not Available;;U;P;7930;;;1,2;;;Door;Door;;P;;Red;#B30006;Solid;;;;;;;;;;;;;;Part;Door 1 x 3 x 4 with Glass;1;3;4;Casier Petit Gris;E;4;
;;81;1;0,2118;23;;id3856color1.jpg;;U;P;3856;;;0,62;;;Window, Glass & Shutter;Window;Glass & Shutter;P;;White;#FFFFFF;Solid;;;;;;;;;;;;;;Part;Shutter for Window 1 x 2 x 3;1;2;3;Casier Petit Gris;E;5;
;;81;5;0,3044;8;;id3856color5.jpg;;U;P;3856;;;0,62;;;Window, Glass & Shutter;Window;Glass & Shutter;P;;Red;#B30006;Solid;;;;;;;;;;;;;;Part;Shutter for Window 1 x 2 x 3;1;2;3;Casier Petit Gris;E;5;
;;81;6;0,0584;33;;id3856color6.jpg;;U;P;3856;;;0,62;;;Window, Glass & Shutter;Window;Glass & Shutter;P;;Green;#00923D;Solid;;;;;;;;;;;;;;Part;Shutter for Window 1 x 2 x 3;1;2;3;Casier Petit Gris;E;5;
;;81;7;0,1481;8;;id3856color7.jpg;;U;P;3856;;;0,62;;;Window, Glass & Shutter;Window;Glass & Shutter;P;;Blue;#0057A6;Solid;;;;;;;;;;;;;;Part;Shutter for Window 1 x 2 x 3;1;2;3;Casier Petit Gris;E;5;
;;36;5;0,0817;1;;id32474color5.jpg;;U;P;32474;;;0,42;;;Technic;Technic;;P;;Red;#B30006;Solid;;;;;;;;;;;;;;Part;Technic Ball Joint;?;?;?;Casier Petit Gris;E;5;
;;36;9;0,3255;2;;id32474color9.jpg;;U;P;32474;;;0,42;;;Technic;Technic;;P;;Light Gray;#9C9C9C;Solid;;;;;;;;;;;;;;Part;Technic Ball Joint;?;?;?;Casier Petit Gris;E;5;
;;36;11;0,1328;10;;id32474color11.jpg;;U;P;32474;;;0,42;;;Technic;Technic;;P;;Black;#212121;Solid;;;;;;;;;;;;;;Part;Technic Ball Joint;?;?;?;Casier Petit Gris;E;5;
;;36;34;0,1015;3;;Not Available;;U;P;32474;;;0,42;;;Technic;Technic;;P;;Lime;#C4E000;Solid;;;;;;;;;;;;;;Part;Technic Ball Joint;?;?;?;Casier Petit Gris;E;5;
